cluster,district,taluk,crime_count,latitude,longitude,nearest_cctv_distance_m,covered
0,Chikkamagaluru,Chikkamagaluru,228,12.707692587719295,76.95734159210527,6.74,True
1,Bengaluru Rural,Nelamangala,10,12.7105708,77.6909226,4.25,True
2,Hassan,Hole Narsipur,12,13.217915083333333,75.9941915,179.67,False
3,Chikkamagaluru,Kadur,262,12.12157221374046,76.33190459541984,25.13,True
4,Kolar,Srinivaspur,172,12.94532873255814,78.26912236627908,873.64,False
5,Tumakuru,Tiptur,10,14.2794103,77.17377139999999,76.89,True
6,Uttara Kannada,Honavar,21,15.329227476190477,74.76763914285713,95.21,True
7,Kalaburagi,Jevargi,12,17.13099725,76.93579799999999,201.64,False
8,Yadgir,Shorapur,19,16.592789526315787,77.10057342105263,130.23,True
9,Bengaluru Rural,Hosakote,14,13.203537357142858,77.90286478571429,9.8,True
10,Shivamogga,Sorab,39,14.167406384615386,75.02897761538462,263.26,False
11,Gadag,Mundargi,16,15.344415375,75.49405949999999,65.4,True
12,Bengaluru Rural,Devanahalli,26,13.291345076923076,77.79968803846154,30.77,True
13,Hassan,Belur,24,12.856208875,76.47975233333334,96.68,True
14,Hassan,Hassan,165,13.006584824242424,76.1075154909091,344.52,False
15,Chikkaballapura,Chintamani,152,13.589071355263158,77.78433755263158,51.04,True
16,Tumakuru,Gubbi,31,13.444108838709678,76.54102809677418,82.46,True
17,Kalaburagi,Sedam,6,17.243286666666666,77.20429983333334,106.09,True
18,Tumakuru,Gubbi,47,13.154506936170211,76.28700038297873,133.47,True
19,Shivamogga,Sorab,147,13.930628068027213,75.57105881632653,337.44,False
20,Kodagu,Somvarpet,79,12.422320075949369,75.73734260759494,98.17,True
21,Tumakuru,Koratagere,12,13.2538265,76.71198425,92.14,True
22,Chamarajanagar,Chamarajanagar,153,11.925746274509804,76.9306048627451,62.67,True
23,Raichur,Lingasugur,28,16.157951035714284,76.52240225,47.17,True
24,Mandya,Krishnarajpet,42,12.58745573809524,77.04158461904763,66.9,True
25,Mandya,Nagamangala,130,12.526969223076923,76.89594007692308,423.08,False
26,Yadgir,Shorapur,15,16.720285333333333,76.80406353333333,68.88,True
27,Chikkaballapura,Chikkaballapura,140,13.388398285714285,77.69898767142857,80.66,True
28,Vijayapura,Indi,22,16.342805136363637,75.89725686363637,64.52,True
29,Tumakuru,Madhugiri,11,13.333537272727272,76.3887059090909,68.68,True
30,Dakshina Kannada,Puttur,9,13.01236388888889,75.138846,59.09,True
31,Hassan,Belur,82,13.312636329268294,76.25681296341463,75.81,True
32,Belagavi,Chitradurga,296,15.85676995945946,74.5084284864865,146.51,True
33,Belagavi,Ramdurg,11,15.906923272727273,74.78691163636364,173.4,False
34,Ballari,Siruguppa,19,15.141513315789474,76.91812084210527,740.94,False
35,Tumakuru,Kunigal,20,13.30781055,77.1490885,45.53,True
36,Hassan,Alur,33,13.40500912121212,76.16303248484849,106.03,True
37,Belagavi,Khanapur,20,15.60026365,74.78943699999999,26.63,True
38,Udupi,Udupi,12,13.459269416666666,74.99015841666666,94.02,True
39,Vijayapura,Indi,16,16.6713771875,76.3079375625,79.07,True
40,Uttara Kannada,Sirsi,9,14.85497588888889,74.13275711111112,68.71,True
41,Hassan,Hole Narsipur,36,12.977087777777776,75.99018761111111,45.89,True
42,Hassan,Belur,22,12.819095909090908,76.06129545454546,52.92,True
43,Tumakuru,Sira,82,13.342794414634149,77.10420303658537,46.12,True
44,Haveri,Ranibennur,8,15.1246,75.123457375,60.87,True
45,Bengaluru Rural,Doddaballapura,17,12.961690411764708,77.81594911764707,148.05,True
46,Tumakuru,Gubbi,25,13.8877586,76.92159611999999,77.67,True
47,Mandya,Krishnarajpet,36,12.658986472222225,76.48843572222222,29.05,True
48,Chikkaballapura,Chintamani,206,13.26271476213592,76.54274425728156,8.11,True
49,Bengaluru Urban,Bengaluru South,71,12.568106267605634,77.36240083098592,467.79,False
50,Gadag,Laxmeshwar,17,15.14137211764706,75.34649511764707,61.18,True
51,Kodagu,Kushalnagar,15,12.452258666666667,75.82831746666668,64.34,True
52,Tumakuru,Sira,23,13.583183826086955,76.53907504347826,127.59,True
53,Bengaluru Rural,Hosakote,13,14.64900476923077,76.46632838461538,50.99,True
54,Vijayapura,Talikoti,51,16.83150537254902,75.7216884509804,395.7,False
55,Bagalkote,Bilgi,26,15.96584403846154,76.11079276923077,11.45,True
56,Kolar,Mulbagal,125,13.138927744,78.134901808,265.92,False
57,Tumakuru,Chiknayakanhalli,26,13.21517603846154,77.18392746153846,48.44,True
58,Mysuru,Nanjangud,12,12.253933333333334,75.59563874999999,98.9,True
59,Dakshina Kannada,Mulki,13,12.865799461538462,75.05578361538461,51.8,True
60,Haveri,Hirekerur,11,14.552919090909093,75.60553881818181,13.48,True
61,Hassan,Alur,22,12.634009772727271,76.04984572727273,16.39,True
62,Davanagere,Jagalur,12,14.35168325,75.7387535,115.13,True
63,Hassan,Hole Narsipur,44,12.782058477272727,76.2473159090909,93.25,True
64,Dharwad,Kalghatgi,60,15.34516725,75.13987446666667,214.01,False
65,Bidar,Homnabad,17,17.91251917647059,77.52559547058823,481.62,False
66,Haveri,Hangal,47,14.522041021276596,75.7975815106383,1153.64,False
67,Bengaluru Rural,Nelamangala,16,13.27857875,77.6222745,84.32,True
68,Tumakuru,Koratagere,14,13.163912,76.6677197857143,32.12,True
69,Tumakuru,Kunigal,33,13.717969181818182,77.38542175757576,40.81,True
70,Mysuru,Hunsur,202,12.30816553960396,76.6464239059406,64.92,True
71,Mandya,Malavalli,15,12.585706,76.82318093333333,78.91,True
72,Kolar,Mulbagal,41,12.90650992682927,78.12925031707317,2.73,True
73,Shivamogga,Sagar,21,13.818090142857145,75.02931504761905,2.86,True
74,Dakshina Kannada,Bantval,14,12.858240142857143,74.83756442857143,39.14,True
75,Tumakuru,Kunigal,25,12.82468064,77.03506728,127.01,True
76,Haveri,Ranibennur,60,14.786524983333331,75.39073681666667,246.71,False
77,Bengaluru Urban,Yelahanka,300,12.980625626666669,77.57728184333332,593.0,False
78,Vijayapura,Sindgi,21,17.311375666666667,75.66867461904762,43.29,True
79,Gadag,Mundargi,61,15.43166855737705,75.63509473770492,218.74,False
80,Chitradurga,Molakalmuru,60,14.22842865,76.41310026666666,82.07,True
81,Dakshina Kannada,Beltangadi,12,12.990017833333331,75.28330308333334,74.83,True
82,Ballari,Siruguppa,7,15.44172042857143,76.83977985714286,63.81,True
83,Mandya,Nagamangala,19,12.256471473684211,77.12263068421053,74.95,True
84,Mysuru,Mysuru,7,12.268681,76.22613228571429,74.05,True
85,Mysuru,Krishnarajanagara,14,11.592263285714283,76.20614242857143,93.49,True
86,Bidar,Bidar,13,17.69210423076923,77.21215376923077,91.27,True
87,Tumakuru,Turuvekere,26,13.30890923076923,76.63991007692309,9.51,True
88,Udupi,Hebri,16,13.2226730625,74.9805255625,51.93,True
89,Tumakuru,Koratagere,6,13.496321833333331,77.12214566666667,53.75,True
90,Mandya,Nagamangala,9,12.981800444444444,76.73675788888889,94.89,True
91,Haveri,Hangal,44,14.620567363636363,75.62586172727272,105.45,True
92,Belagavi,Hukkeri,6,15.880778833333332,74.66591866666666,86.72,True
93,Mysuru,Mysuru,23,12.549677869565215,76.33216686956521,102.55,True
94,Raichur,Raichur,101,16.215424306930693,77.35536254455445,396.03,False
95,Tumakuru,Tiptur,8,13.262349625,77.034745375,97.72,True
96,Bidar,Homnabad,8,17.821822375,76.92836187500001,23.55,True
97,Bagalkote,Guledgudda,19,16.47686805263158,75.12306221052631,82.76,True
98,Chitradurga,Chitradurga,75,14.133016,76.24349449333333,190.13,False
99,Tumakuru,Kunigal,30,14.670286333333332,76.07457903333334,37.34,True
100,Bidar,Basavakalyan,9,17.726668333333336,77.36793188888889,48.86,True
101,Davanagere,Channagiri,110,14.45820111818182,75.91925931818182,317.69,False
102,Koppal,Kanakagiri,33,15.349404787878788,76.15263606060606,96.98,True
103,Belagavi,Khanapur,14,15.818509928571428,74.86287014285713,70.7,True
104,Mysuru,Heggadadevankote,15,12.757231733333333,76.41524973333334,694.43,False
105,Hassan,Belur,13,13.024686846153848,75.79727538461538,132.04,True
106,Uttara Kannada,Honavar,32,14.2814861875,74.45068134375,83.93,True
107,Bengaluru Urban,Bengaluru North,13,13.200281384615383,77.7082293076923,106.31,True
108,Kodagu,Somvarpet,18,12.472039055555555,75.95910411111112,838.3,False
109,Hassan,Arsikere,53,12.905898905660376,76.3871071509434,158.82,False
110,Tumakuru,Tiptur,21,13.503280095238091,76.44785723809524,84.05,True
111,Tumakuru,Koratagere,26,13.675652538461538,77.06474703846153,79.2,True
112,Hassan,Belur,15,13.174327066666669,75.8758572,81.22,True
113,Davanagere,Jagalur,15,14.514432066666666,76.3374906,89.23,True
114,Dakshina Kannada,Mangaluru,10,12.4349896,75.1318148,132.53,True
115,Tumakuru,Sira,11,14.238982363636364,77.04413572727273,58.84,True
116,Bidar,Chitaguppa,13,17.896268384615386,77.20374207692308,88.88,True
117,Raichur,Lingasugur,13,15.955513692307692,76.75047984615385,77.78,True
118,Vijayapura,Vijayapura,12,17.1182835,75.78488116666666,76.12,True
119,Tumakuru,Gubbi,28,13.63995242857143,76.9368812142857,86.44,True
120,Kolar,Srinivaspur,26,13.511190846153845,78.22542211538462,90.69,True
121,Kalaburagi,Chittapur,27,17.180390925925927,77.28535322222223,167.87,False
122,Tumakuru,Gubbi,26,13.125708346153846,77.11537723076923,113.58,True
123,Tumakuru,Tiptur,14,14.060988214285716,77.17031157142857,23.41,True
124,Uttara Kannada,Ankola,14,15.124336571428572,74.65856821428572,33.34,True
125,Shivamogga,Hosanagara,20,13.51102665,75.0977005,91.96,True
126,Vijayapura,Muddebihal,15,17.252009199999996,75.80231266666667,64.1,True
127,Kodagu,Somvarpet,7,12.385464142857144,75.52685728571429,162.94,False
128,Kalaburagi,Chincholi,6,17.221677833333334,77.29422733333332,49.95,True
129,Koppal,Gangawati,15,15.493556133333334,75.99188806666666,29.9,True
130,Hassan,Sakleshpur,27,12.944042444444444,76.5509204074074,20.06,True
131,Tumakuru,Tumakuru,11,13.591481454545454,77.00384536363636,101.02,True
132,Koppal,Gangawati,21,15.425611428571427,76.52980714285715,56.85,True
133,Mandya,Nagamangala,22,12.827419909090908,76.75806563636364,262.81,False
134,Yadgir,Hunasagi,64,16.76401075,77.13326571875,118.84,True
135,Mandya,Pandavapura,34,12.40558223529412,76.57248626470587,79.63,True
136,Uttara Kannada,Mundgod,60,14.808090233333331,74.12776478333333,40.82,True
137,Bidar,Bidar,21,17.771745619047618,77.12289661904762,53.54,True
138,Shivamogga,Tirthahalli,116,13.83699671551724,75.69911723275862,760.04,False
139,Bengaluru South,Magadi,48,13.106982333333336,77.16535145833333,19.11,True
140,Belagavi,Belagavi,25,16.399812320000002,74.38149680000001,541.97,False
141,Uttara Kannada,Sirsi,7,15.16338014285714,74.48938571428572,76.74,True
142,Uttara Kannada,Siddapur,54,14.90369337037037,74.34026833333334,472.24,False
143,Bengaluru South,Channapatna,17,12.595661647058824,77.11817041176471,12.09,True
144,Kolar,Bangarapet,17,12.863454941176473,78.19681617647059,128.53,True
145,Ballari,Ballari,13,15.34406676923077,76.83503676923077,55.42,True
146,Bengaluru South,Kanakapura,11,12.955716,77.22597818181818,72.28,True
147,Uttara Kannada,Supa,39,13.993118025641024,74.54733202564103,622.55,False
148,Uttara Kannada,Sirsi,56,14.620984142857145,74.834662375,602.01,False
149,Uttara Kannada,Yellapur,17,14.541746529411764,75.0209338235294,92.42,True
150,Kolar,Srinivaspur,33,12.98075287878788,78.2368396060606,30.71,True
151,Kalaburagi,Kalaburagi,9,17.118425222222225,77.08378066666666,82.55,True
152,Koppal,Kushtagi,12,15.600741,76.6593375,65.74,True
153,Mandya,Krishnarajpet,20,12.419647,76.68684955,481.07,False
154,Haveri,Haveri,16,14.5701564375,75.36961125,51.98,True
155,Bagalkote,Badami,19,16.11706,75.65559647368421,61.28,True
156,Uttara Kannada,Honavar,19,14.539366052631578,74.32177173684211,70.43,True
157,Belagavi,Athni,8,16.780456625,75.249938125,12.75,True
158,Hassan,Arsikere,85,12.944257305882353,75.78615964705882,31.91,True
159,Bengaluru South,Ramanagara,18,12.800707444444445,77.38486188888889,92.28,True
160,Bagalkote,Bagalkot,19,16.159210894736844,75.66526057894737,15.66,True
161,Shivamogga,Shikarpur,26,13.988848192307692,75.68577423076923,107.76,True
162,Bengaluru Rural,Doddaballapura,67,13.09802208955224,77.3885204477612,197.15,False
163,Mysuru,Heggadadevankote,16,12.4116724375,76.44434575,128.08,True
164,Bengaluru South,Harohalli,13,12.435663923076923,77.49543007692309,117.87,True
165,Kalaburagi,Chincholi,75,17.331133853333334,76.82742895999999,1107.45,False
166,Kolar,Srinivaspur,11,12.98643418181818,78.17879727272727,80.7,True
167,Bengaluru South,Ramanagara,87,12.724362988505746,77.28627959770115,347.39,False
168,Haveri,Byadgi,22,14.988910772727271,75.22660763636364,150.64,False
169,Bengaluru Rural,Doddaballapura,27,13.298855444444444,77.51275603703704,34.15,True
170,Bengaluru South,Magadi,41,12.659976829268292,77.2109726097561,629.16,False
171,Kalaburagi,Sedam,5,15.3034254,76.4783994,35.92,True
172,Kalaburagi,Kamalapur,9,17.033404555555553,76.58524455555556,139.86,True
173,Uttara Kannada,Bhatkal,20,15.2581607,74.620548,57.46,True
174,Mysuru,Saraguru,18,12.2089605,76.26545155555556,50.27,True
175,Kolar,Srinivaspur,20,13.05886405,78.4251664,59.93,True
176,Vijayapura,Indi,12,16.349008583333333,76.12882508333333,90.88,True
177,Davanagere,Channagiri,13,14.147735076923077,75.56234738461538,42.35,True
178,Hassan,Sakleshpur,49,12.986052979591836,76.21811426530611,25.41,True
179,Shivamogga,Sagar,11,14.380710454545454,75.24912845454546,7.85,True
180,Haveri,Hangal,19,14.773679736842103,75.25094284210526,124.91,True
181,Kolar,Srinivaspur,24,13.192337833333331,78.01755354166667,105.85,True
182,Uttara Kannada,Yellapur,26,14.185689384615385,74.48590553846154,100.71,True
183,Davanagere,Channagiri,16,14.3704385,75.894566125,44.65,True
184,Kalaburagi,Sedam,15,17.3873638,76.5845314,14.74,True
185,Belagavi,Gokak,14,15.77672657142857,74.63874392857143,69.62,True
186,Bengaluru South,Ramanagara,32,12.7996161875,77.51050246875,110.79,True
187,Vijayapura,Muddebihal,20,17.1772857,75.95346565,70.58,True
188,Shivamogga,Sorab,32,14.38095659375,75.09952384375,21.24,True
189,Kodagu,Ponnampet,8,12.1922985,75.801180125,49.3,True
190,Davanagere,Davanagere,9,14.233549111111111,75.65698322222222,29.85,True
191,Raichur,Lingasugur,10,16.2960311,77.5244639,55.04,True
192,Tumakuru,Madhugiri,19,13.527985,77.24024210526315,105.56,True
193,Kalaburagi,Jevargi,19,16.855501526315788,76.54172210526315,54.33,True
194,Udupi,Kundapura,20,13.60299285,74.94807714999999,86.01,True
195,Kalaburagi,Chincholi,38,17.31016689473684,76.87684055263158,70.31,True
196,Mandya,Nagamangala,21,12.410624,76.81308276190477,21.51,True
197,Mandya,Krishnarajpet,25,12.69173584,77.06082544,15.89,True
198,Bagalkote,Badami,15,16.495272133333334,75.05697793333334,36.62,True
199,Gadag,Mundargi,8,15.123386625,75.529965625,37.61,True
200,Davanagere,Jagalur,18,14.173380666666668,76.00740477777778,41.03,True
201,Hassan,Channarayapatna,13,12.766078846153846,76.0573103076923,57.49,True
202,Yadgir,Gurmitakal,25,16.699316160000002,76.84124176,102.15,True
203,Bengaluru Urban,Bengaluru East,10,13.0124445,77.51500899999999,487.54,False
204,Shivamogga,Hosanagara,36,14.267126333333332,75.35486591666667,738.05,False
205,Mandya,Shrirangapattana,17,12.42813605882353,77.22864482352941,201.69,False
206,Kolar,Kolar,25,13.1936808,78.53707212,80.54,True
207,Bagalkote,Hungund,12,16.673192416666666,75.34682875,31.72,True
208,Bengaluru Rural,Devanahalli,11,13.229373272727274,77.24265936363636,56.95,True
209,Mandya,Maddur,8,12.6619275,76.647444625,50.64,True
210,Haveri,Hangal,23,14.772407521739131,75.12391365217391,105.89,True
211,Uttara Kannada,Bhatkal,17,15.423594411764704,74.4879104117647,110.24,True
212,Hassan,Hole Narsipur,26,12.657549346153845,76.25956765384616,73.38,True
213,Haveri,Rattihalli,6,14.839973333333331,75.628951,103.75,True
214,Bengaluru South,Kanakapura,23,12.54968852173913,77.42338673913044,192.88,False
215,Uttara Kannada,Honavar,18,14.9649435,74.71209911111112,99.23,True
216,Raichur,Arakera,10,16.07403,77.4143585,115.15,True
217,Mysuru,Piriyapatna,8,12.20074225,76.51764625,63.18,True
218,Dharwad,Dharwad,11,15.260113545454546,75.24102609090909,99.83,True
219,Dharwad,Dharwad,21,15.45755519047619,75.0115677142857,68.79,True
220,Ballari,Sandur,5,15.2408998,77.05873679999999,34.62,True
221,Kolar,Kolar,40,13.0080826,78.333390775,141.49,True
222,Kolar,Malur,21,12.95251261904762,78.35917204761905,18.3,True
223,Mysuru,Piriyapatna,5,12.123001,76.5344058,32.46,True
224,Yadgir,Gurmitakal,12,16.455651416666665,76.52545725,52.16,True
225,Raichur,Manvi,23,16.088064782608694,76.81472243478261,68.15,True
226,Bagalkote,Bilgi,14,15.922844357142855,75.68035257142857,58.65,True
227,Kodagu,Somvarpet,8,11.9940065,76.353841625,19.89,True
228,Bagalkote,Ilkal,9,16.330054,75.28548844444444,39.18,True
229,Tumakuru,Gubbi,35,12.9661538,77.4009284,35.94,True
230,Kolar,Bangarapet,20,13.16894005,78.39804345,106.43,True
231,Bidar,Chitaguppa,8,17.935456,77.47487125,92.49,True
232,Koppal,Kanakagiri,10,15.27976,76.32196730000001,58.82,True
233,Shivamogga,Tirthahalli,62,14.197177693548388,74.81492137096774,630.04,False
234,Bidar,Bhalki,8,18.23686625,77.178501375,57.85,True
235,Vijayapura,Almel,7,16.64842542857143,75.817104,129.12,True
236,Yadgir,Shahpur,6,16.525830333333335,76.7593325,34.87,True
237,Tumakuru,Sira,32,13.1737138125,76.5598539375,930.71,False
238,Bengaluru Rural,Nelamangala,11,12.860304545454545,77.78355818181818,78.43,True
239,Belagavi,Savadatti,17,15.679457529411764,74.95960011764706,62.42,True
240,Koppal,Koppal,9,15.754202444444443,76.19295588888889,57.84,True
241,Hassan,Channarayapatna,14,13.302741928571429,76.04638792857143,70.87,True
242,Hassan,Hole Narsipur,32,13.0865475625,76.20508890625,28.1,True
243,Tumakuru,Sira,12,13.658047083333337,77.20755466666667,95.98,True
244,Kodagu,Somvarpet,13,12.151400769230769,75.9423503846154,43.42,True
245,Koppal,Koppal,10,15.2308867,75.9904489,35.9,True
246,Ballari,Ballari,17,15.22618511764706,76.58888447058824,65.54,True
247,Hassan,Belur,22,13.005319909090908,76.47527904545454,74.72,True
248,Mysuru,Nanjangud,24,12.151541708333331,76.483311125,37.04,True
249,Shivamogga,Mulbagal,29,13.00260424137931,77.93820589655174,82.85,True
250,Vijayapura,Devara Hipparagi,9,16.66488811111111,75.58140977777776,79.22,True
251,Belagavi,Belagavi,10,16.0516455,74.5183644,32.12,True
252,Chitradurga,Holalkere,66,14.09559293939394,76.27274543939394,40.24,True
253,Haveri,Rattihalli,22,14.91488890909091,75.26984781818182,91.12,True
254,Belagavi,Gokak,20,16.3375157,74.96482615,66.74,True
255,Shivamogga,Shivamogga,22,14.562340545454544,75.15060468181818,55.24,True
256,Haveri,Hangal,18,14.680205,75.49437972222222,78.08,True
257,Raichur,Devadurga,12,16.1762935,77.01596258333333,73.59,True
258,Hassan,Arkalgud,25,12.7841196,75.86109692,58.54,True
259,Bengaluru Rural,Doddaballapura,22,13.150562045454546,77.35038954545455,7.03,True
260,Dharwad,Dharwad,14,15.17506407142857,74.97055071428572,111.57,True
261,Bagalkote,Badami,12,16.014913916666668,75.54784916666667,72.66,True
262,Raichur,Maski,6,16.013062166666668,76.44293783333333,59.82,True
263,Yadgir,Hunasagi,14,16.865506500000002,77.38950971428572,62.22,True
264,Mandya,Nagamangala,19,12.382056421052631,77.06017563157894,30.57,True
265,Gadag,Ron,14,15.071743571428572,75.2829735,84.55,True
266,Tumakuru,Madhugiri,18,13.245794055555557,76.37095,48.54,True
267,Belagavi,Mudalgi,19,16.44589589473684,74.47030768421052,168.33,False
268,Mandya,Maddur,21,12.70648780952381,76.8177140952381,58.87,True
269,Bidar,Basavakalyan,8,17.907538875,75.323982875,125.51,True
270,Bengaluru Rural,Hosakote,21,12.984956952380951,77.78205904761906,121.76,True
271,Bengaluru Rural,Hosakote,23,13.288080434782607,77.42245634782608,79.86,True
272,Kalaburagi,Chittapur,12,17.207010166666667,76.54379941666666,69.91,True
273,Davanagere,Channagiri,13,14.282913769230769,76.08062246153847,19.54,True
274,Kalaburagi,Kamalapur,12,17.016075,76.7757445,46.03,True
275,Mandya,Pandavapura,7,12.488625142857144,77.03484714285715,100.71,True
276,Dakshina Kannada,Ullala,7,13.439063142857142,79.55245328571428,52.99,True
277,Kolar,Srinivaspur,26,13.341457730769232,78.21240311538462,61.12,True
278,Yadgir,Hunasagi,12,16.647948,76.5322185,71.26,True
279,Belagavi,Ramdurg,8,16.243437375,75.04661625,91.36,True
280,Bidar,Basavakalyan,22,17.875651318181816,76.95587122727272,751.86,False
281,Belagavi,Yaragatti,19,15.92940836842105,74.52753363157895,17.86,True
282,Udupi,Bainduru,6,13.529054833333332,74.7050375,177.23,False
283,Raichur,Devadurga,7,16.296585714285715,77.15991342857144,10.87,True
284,Kalaburagi,Chincholi,27,17.170645481481483,77.33804448148148,56.14,True
285,Kolar,Bangarapet,18,13.53093138888889,78.34476000000001,115.37,True
286,Mysuru,Hunsur,5,12.525665,76.1951514,77.34,True
287,Bidar,Bidar,16,17.73024875,76.9389425,157.11,False
288,Vijayapura,Muddebihal,6,16.818022833333334,76.0634715,110.46,True
289,Mysuru,Heggadadevankote,12,12.212515916666666,76.32296741666666,54.72,True
290,Vijayapura,Indi,20,16.4789793,76.31078434999999,49.59,True
291,Raichur,Raichur,14,15.993199928571428,77.04835228571429,48.59,True
292,Raichur,Devadurga,17,16.00466329411765,77.46280447058824,77.33,True
293,Dharwad,Dharwad,8,15.468132625,74.985547375,140.37,True
294,Kodagu,Virajpet,15,12.513735733333332,75.80912346666668,43.54,True
295,Belagavi,Belagavi,5,16.1252736,74.5174182,142.8,True
296,Belagavi,Hukkeri,9,15.763896333333332,75.10757266666667,60.16,True
297,Udupi,Brahmavara,6,13.230021666666667,74.74759116666667,167.72,False
298,Kalaburagi,Kalagi,12,17.217247750000002,77.09191575,67.15,True
299,Raichur,Sindhnur,19,15.75860447368421,76.596593,89.28,True
300,Shivamogga,Tirthahalli,15,13.6980712,75.24628320000001,29.08,True
301,Mandya,Krishnarajpet,6,12.502599166666668,76.67307916666667,118.76,True
302,Belagavi,Belagavi,10,16.1042789,74.68606650000001,86.7,True
303,Uttara Kannada,Siddapur,17,14.428642294117648,74.41990805882354,33.58,True
304,Davanagere,Davanagere,9,14.206292111111113,75.81691844444444,72.11,True
305,Gadag,Mundargi,8,15.4325835,75.231966875,21.96,True
306,Gadag,Shirahatti,6,15.735022333333331,75.96625333333334,41.62,True
307,Haveri,Rattihalli,20,14.455625950000002,75.39338205,59.97,True
308,Shivamogga,Shivamogga,6,13.993458833333332,75.26031083333334,43.21,True
309,Mandya,Mandya,6,12.642364666666666,76.9172175,80.13,True
310,Uttara Kannada,Haliyal,7,14.090329,74.491794,85.76,True
311,Kalaburagi,Sedam,6,17.48609,77.6291055,141.39,True
312,Bidar,Bidar,10,18.2491938,77.4115383,129.22,True
313,Uttara Kannada,Sirsi,8,14.658637625,74.304327375,26.85,True
314,Belagavi,Nippani,5,15.8865794,74.9256534,139.42,True
315,Raichur,Raichur,8,15.954326,76.655014625,67.04,True
316,Kalaburagi,Jevargi,11,17.202370363636366,76.358103,83.34,True
317,Mandya,Mandya,7,12.636785571428572,77.00714571428571,115.64,True
318,Koppal,Kushtagi,13,16.206965692307694,75.89530707692307,120.89,True
319,Dakshina Kannada,Mangaluru,5,12.968642399999998,74.080628,11.95,True
320,Dakshina Kannada,Mangaluru,14,12.534669785714286,75.02391685714285,54.43,True
321,Bengaluru Rural,Hosakote,6,13.069877,77.78081283333334,90.21,True
322,Mysuru,Nanjangud,5,12.1822078,76.17304299999999,62.91,True
323,Mandya,Nagamangala,9,12.359269,76.94431966666667,146.62,True
324,Kolar,Malur,7,12.872480714285714,77.99780285714284,50.7,True
325,Bagalkote,Badami,8,16.510558125,75.28035975,44.43,True
326,Ballari,Siruguppa,13,15.264870923076924,76.349782,17.54,True
327,Belagavi,Gokak,10,15.9494981,75.2942793,86.47,True
328,Dharwad,Alnavar,7,15.569919285714288,74.92955471428571,87.07,True
329,Raichur,Maski,9,16.19524188888889,76.65492333333333,54.23,True
330,Belagavi,Kittur,7,16.624310142857144,74.85453571428572,68.17,True
331,Davanagere,Honnali,8,14.02347575,75.929728,63.53,True
332,Bagalkote,Bagalkot,11,16.066721454545455,76.06058345454545,115.38,True
333,Kalaburagi,Aland,8,17.32254225,76.465213625,86.51,True
334,Yadgir,Shahpur,5,16.255844000000003,76.3684688,120.97,True
335,Belagavi,Belagavi,16,16.4243351875,74.5756809375,84.49,True
336,Haveri,Hirekerur,9,14.691428444444446,75.35797855555556,90.55,True
337,Yadgir,Shahpur,13,16.353754076923078,76.40700161538462,20.56,True
338,Ballari,Siruguppa,6,15.7920615,76.98695133333332,32.5,True
339,Mysuru,Piriyapatna,9,12.185472222222224,76.39529566666667,70.83,True
340,Tumakuru,Gubbi,16,12.9147591875,76.9344959375,85.0,True
341,Kalaburagi,Jevargi,7,17.45705942857143,76.37508028571428,90.74,True
342,Kalaburagi,Kalaburagi,11,76.838999,17.328127454545456,15.25,True
343,Bengaluru Rural,Hosakote,18,12.790298833333331,77.64522355555556,105.32,True
344,Kodagu,Somvarpet,9,12.18604722222222,75.92685222222222,45.35,True
345,Mandya,Nagamangala,8,12.881414625,76.630775625,55.52,True
346,Haveri,Savanur,9,14.97770688888889,75.33806466666667,97.06,True
347,Shivamogga,Shikarpur,5,14.061371,75.3908802,124.9,True
348,Dharwad,Kalghatgi,5,15.5572126,75.3572034,142.37,True
349,Bengaluru Urban,Anekal,6,12.919102,77.650885,158.96,False
350,Bengaluru Urban,Bengaluru South,5,13.1001686,77.5843644,94.83,True
351,Belagavi,Nippani,5,16.696131400000002,74.7162234,83.87,True
352,Bengaluru South,Magadi,8,12.451903625,77.321417125,52.18,True
353,Vijayapura,Babaleshwar,12,16.486326000000002,75.68577216666667,90.86,True
354,Dakshina Kannada,Mangaluru,6,12.889813666666669,74.85222866666666,39.24,True
355,Bagalkote,Mudhol,10,16.0566773,75.9454885,91.99,True
356,Belagavi,Nippani,10,15.98598,75.1355979,79.04,True
357,Koppal,Kushtagi,8,15.61372375,76.01315975,57.36,True
358,Bengaluru Rural,Doddaballapura,6,13.185185666666667,77.79969,47.72,True
359,Kalaburagi,Kalaburagi,9,17.27378866666667,77.25079722222223,96.29,True
360,Kodagu,Kushalnagar,9,12.311389222222225,75.68928022222222,96.2,True
361,Yadgir,Gurmitakal,5,16.5732602,77.25253239999999,102.03,True
362,Bidar,Bhalki,6,18.045242666666667,77.21406883333333,42.48,True
363,Bengaluru Urban,Yelahanka,8,12.83502175,77.86903175,36.94,True
364,Bagalkote,Jamkhandi,7,16.34853857142857,75.61249371428572,67.14,True
365,Dakshina Kannada,Beltangadi,7,12.951728142857144,74.81665,115.05,True
366,Bidar,Bidar,9,18.269018000000003,77.54616544444444,34.47,True
367,Udupi,Kundapura,11,13.347926090909093,74.85355045454546,93.47,True
368,Koppal,Kukanoor,6,15.870872,76.04759533333333,123.23,True
369,Kalaburagi,Kamalapur,8,17.5627115,76.5602685,100.18,True
370,Dakshina Kannada,Sulya,7,12.869349857142856,74.87284728571429,34.83,True
371,Raichur,Raichur,10,16.3702122,77.3532068,39.04,True
372,Yadgir,Gurmitakal,5,16.7326658,76.745126,101.75,True
373,Raichur,Raichur,5,15.767669799999998,76.7437128,47.31,True
374,Dakshina Kannada,Sulya,10,12.667277,75.37152640000001,74.04,True
375,Bengaluru Urban,Bengaluru North,7,12.959626571428572,77.66698014285714,95.65,True
376,Dakshina Kannada,Mangaluru,6,12.988924666666668,74.79948633333333,150.95,False
377,Bagalkote,Ilkal,5,16.402633,75.1075098,22.78,True
