district_id,district,police_station_name,taluk
524,Bagalkote,Amengad PS,
524,Bagalkote,Badami PS,Badami
524,Bagalkote,Bagalkot CEN Crime PS,Bagalkot
524,Bagalkote,Bagalkot Rural PS,Bagalkot
524,Bagalkote,Bagalkot Town PS,Bagalkot
524,Bagalkote,Bagalkot Traffic PS,Bagalkot
524,Bagalkote,Bagalkot Women PS,Bagalkot
524,Bagalkote,Bagalkote DCRE PS,Bagalkot
524,Bagalkote,Banahatti PS,
524,Bagalkote,Bilagi PS,
524,Bagalkote,Guledagudda PS,
524,Bagalkote,Hungunda PS,Hungund
524,Bagalkote,Ilakal PS,
524,Bagalkote,Ilakal Rural PS,
524,Bagalkote,Jamakhandi Rural PS,
524,Bagalkote,Jamakhandi Town PS,
524,Bagalkote,Kaladagi PS,
524,Bagalkote,Kerur PS,
524,Bagalkote,Lokapur PS,
524,Bagalkote,Mahalingapur PS,
524,Bagalkote,Mudhol PS,Mudhol
524,Bagalkote,Navanagara PS,
524,Bagalkote,Savalgi PS,
524,Bagalkote,Teradal PS,
528,Ballari,APMC Yard PS,
528,Ballari,Ballari CEN Crime PS,Ballari
528,Ballari,Ballari DCRE PS,Ballari
528,Ballari,Ballari Women PS,Ballari
528,Ballari,Bellary Rural PS,
528,Ballari,Bellary Traffic PS,
528,Ballari,Brucepet PS,
528,Ballari,Cowlbazar PS,
528,Ballari,Gadiganur PS,
528,Ballari,Gandhinagar PS,
528,Ballari,Hatcholli PS,
528,Ballari,Kampli PS,Kampli
528,Ballari,Kuduthini PS,
528,Ballari,Kurugod PS,
528,Ballari,Moka PS,
528,Ballari,P.D. Halli PS,
528,Ballari,Sandur PS,Sandur
528,Ballari,Sirigeri PS,
528,Ballari,Siruguppa PS,Siruguppa
528,Ballari,Tekkalkota PS,
528,Ballari,Thoranagal PS,
527,Belagavi,APMC Yard PS,
527,Belagavi,Agali PS,
527,Belagavi,Ankalgi PS,
527,Belagavi,Ankali PS,
527,Belagavi,Athani PS,
527,Belagavi,Bagewadi PS,
527,Belagavi,Bailahongal PS,
527,Belagavi,Basaweshwar Chowk PS,
527,Belagavi,Belagavi CEN Crime PS,Belagavi
527,Belagavi,Belagavi City CEN Crime PS,Belagavi
527,Belagavi,Belagavi DCRE PS,Belagavi
527,Belagavi,Belagavi Rural PS,Belagavi
527,Belagavi,Belagavi Women PS,Belagavi
527,Belagavi,Belgaum North Traffic PS,
527,Belagavi,Belgaum South Traffic PS,
527,Belagavi,Camp PS,
527,Belagavi,Chikkodi PS,
527,Belagavi,Chikkodi Town Traffic PS,
527,Belagavi,Doddawad PS,
527,Belagavi,Ghataprabha PS,
527,Belagavi,Gokak Rural PS,Gokak
527,Belagavi,Gokak Town PS,Gokak
527,Belagavi,Harugeri PS,
527,Belagavi,Hukkeri PS,Hukkeri
527,Belagavi,Kagwad PS,Kagwad
527,Belagavi,Kakati PS,
527,Belagavi,Katkol PS,
527,Belagavi,Khadakalat PS,
527,Belagavi,Khadebazar PS,
527,Belagavi,Khanapur PS,Khanapur
527,Belagavi,Kittur PS,Kittur
527,Belagavi,Kudachi PS,
527,Belagavi,Kulgod PS,
527,Belagavi,Malamaruthi PS,
527,Belagavi,Marihal PS,
527,Belagavi,Market PS,
527,Belagavi,Mudalgi PS,Mudalgi
527,Belagavi,Murgod PS,
527,Belagavi,Nandagad PS,
527,Belagavi,Nesargi PS,
527,Belagavi,Nippani Rural PS,Nippani
527,Belagavi,Nippani Town PS,Nippani
527,Belagavi,Raibag PS,
527,Belagavi,Ramadurga PS,
527,Belagavi,Sadalaga PS,
527,Belagavi,Sankeshwar PS,
527,Belagavi,Shahapura PS,
527,Belagavi,Soundatti PS,
527,Belagavi,Sureban PS,
527,Belagavi,Tilakwadi PS,
527,Belagavi,Udyambag PS,
527,Belagavi,Women PS,
527,Belagavi,Yamakanmardi PS,
526,Bengaluru Rural,Anekal PS,
526,Bengaluru Rural,Anugondanahalli PS,
526,Bengaluru Rural,Attibele PS,
526,Bengaluru Rural,Bengaluru CEN Crime PS,
526,Bengaluru Rural,Bengaluru Dist Women PS,
526,Bengaluru Rural,Bengaluru Rural DCRE PS,
526,Bengaluru Rural,Chennarayapatana PS,
526,Bengaluru Rural,Dobbespet PS,
526,Bengaluru Rural,Doddaballapura Rural PS,Doddaballapura
526,Bengaluru Rural,Doddaballapura Town PS,Doddaballapura
526,Bengaluru Rural,Doddabelavangala PS,
526,Bengaluru Rural,Hosahalli PS,
526,Bengaluru Rural,Hosakote PS,Hosakote
526,Bengaluru Rural,Hosakote Traffic PS,Hosakote
526,Bengaluru Rural,Jigani PS,
526,Bengaluru Rural,Nandagudi PS,
526,Bengaluru Rural,Nelamangala Rural PS,Nelamangala
526,Bengaluru Rural,Nelamangala Town PS,Nelamangala
526,Bengaluru Rural,Nelamangala Traffic PS,Nelamangala
526,Bengaluru Rural,Sarjapura PS,
526,Bengaluru Rural,Sulibele PS,
526,Bengaluru Rural,Suryanagar PS,
526,Bengaluru Rural,Thirumalashettahalli PS,
526,Bengaluru Rural,Thyamagondlu PS,
526,Bengaluru Rural,Vijayapura PS,
526,Bengaluru Rural,Vishwanathapura PS,
631,Bengaluru South,Akkur PS,
631,Bengaluru South,Bidadi PS,
631,Bengaluru South,CHANNAPATNA TRAFFIC PS,Channapatna
631,Bengaluru South,Channapatna East PS,Channapatna
631,Bengaluru South,Channapatna Rural PS,Channapatna
631,Bengaluru South,Channapatna Town PS,Channapatna
631,Bengaluru South,Harohalli PS,Harohalli
631,Bengaluru South,Ijoor PS,
631,Bengaluru South,Kaggalipura PS,
631,Bengaluru South,Kanakapura Rural PS,Kanakapura
631,Bengaluru South,Kanakapura Town PS,Kanakapura
631,Bengaluru South,Kanakapura Traffic PS,Kanakapura
631,Bengaluru South,Kodihalli PS,
631,Bengaluru South,Kudur PS,
631,Bengaluru South,M.K. Doddi PS,
631,Bengaluru South,Magadi PS,Magadi
631,Bengaluru South,Ramanagar CEN Crime PS,
631,Bengaluru South,Ramanagara DCRE PS,Ramanagara
631,Bengaluru South,Ramanagara Rural PS,Ramanagara
631,Bengaluru South,Ramanagara Town PS,Ramanagara
631,Bengaluru South,Ramanagara Traffic PS,Ramanagara
631,Bengaluru South,Ramanagara Women PS,Ramanagara
631,Bengaluru South,Sathnoor PS,
631,Bengaluru South,Tavarekere PS,
525,Bengaluru Urban,Adugodi PS,
525,Bengaluru Urban,Adugodi Traffic PS,
525,Bengaluru Urban,Airport Traffic PS,
525,Bengaluru Urban,Amruthahally PS,
525,Bengaluru Urban,Annapoorneshwari Nagar PS,
525,Bengaluru Urban,Ashoknagar PS,
525,Bengaluru Urban,Ashoknagar Traffic PS,
525,Bengaluru Urban,Avalahally PS,
525,Bengaluru Urban,BIAL PS,
525,Bengaluru Urban,BIAL Traffic PS,
525,Bengaluru Urban,Bagalagunte PS,
525,Bengaluru Urban,Bagalur PS,
525,Bengaluru Urban,Banasawadi Traffic PS,
525,Bengaluru Urban,Banashankari PS,
525,Bengaluru Urban,Banaswadi PS,
525,Bengaluru Urban,Bandepalya PS,
525,Bengaluru Urban,Basavanagudi PS,
525,Bengaluru Urban,Basavanagudi Traffic PS,
525,Bengaluru Urban,Basavanagudi Women PS,
525,Bengaluru Urban,Beguru PS,
525,Bengaluru Urban,Bellanduru PS,
525,Bengaluru Urban,Bengaluru City East DCRE PS,
525,Bengaluru Urban,Bengaluru City West DCRE PS,
525,Bengaluru Urban,Bharathi Nagar PS,
525,Bengaluru Urban,Bommanahalli PS,
525,Bengaluru Urban,Byadarahalli PS,
525,Bengaluru Urban,Byappanahalli PS,
525,Bengaluru Urban,Byatarayanapura PS,
525,Bengaluru Urban,Byatrarayanapura Traffic PS,
525,Bengaluru Urban,CCB Bengaluru City Police,
525,Bengaluru Urban,Central CEN Crime PS,
525,Bengaluru Urban,Central Women PS,
525,Bengaluru Urban,Chamarajpet PS,
525,Bengaluru Urban,Chamarajpet Traffic PS,
525,Bengaluru Urban,Chandra Layout PS,
525,Bengaluru Urban,Channammanakere Achu Kattu PS,
525,Bengaluru Urban,Chikkabanavara Traffic,
525,Bengaluru Urban,Chikkajala PS,
525,Bengaluru Urban,Chikkajala Traffic PS,
525,Bengaluru Urban,City Market Traffic PS,
525,Bengaluru Urban,Commercial Street PS,
525,Bengaluru Urban,Cottonpet PS,
525,Bengaluru Urban,Cubbon Park PS,
525,Bengaluru Urban,Cubbonpark Traffic PS,
525,Bengaluru Urban,Cyber Crime Police Station,
525,Bengaluru Urban,DCRE HQ PS Bengaluru,
525,Bengaluru Urban,Devanahalli PS,
525,Bengaluru Urban,Devarajeevanahalli PS,
525,Bengaluru Urban,East CEN Crime PS,
525,Bengaluru Urban,East Women PS,
525,Bengaluru Urban,East Zone Women PS,
525,Bengaluru Urban,Electronic City PS,
525,Bengaluru Urban,Electronic City Traffic PS,
525,Bengaluru Urban,Gangammana Gudi PS,
525,Bengaluru Urban,Girinagar PS,
525,Bengaluru Urban,Govindapura PS,
525,Bengaluru Urban,Govindaraja Nagar PS,
525,Bengaluru Urban,H.A.L. PS,
525,Bengaluru Urban,HSR Lay Out Traffic PS,
525,Bengaluru Urban,HSR Layout PS,
525,Bengaluru Urban,Halasur Gate Traffic PS,
525,Bengaluru Urban,Halasur PS,
525,Bengaluru Urban,Halasur Traffic PS,
525,Bengaluru Urban,Halasurgate PS,
525,Bengaluru Urban,Hanumanthanagar PS,
525,Bengaluru Urban,Hebbagodi PS,
525,Bengaluru Urban,Hebbal PS,
525,Bengaluru Urban,Hennur PS,
525,Bengaluru Urban,Hennur Traffic PS,
525,Bengaluru Urban,High Grounds PS,
525,Bengaluru Urban,High Grounds Traffic PS,
525,Bengaluru Urban,Hulimavu PS,
525,Bengaluru Urban,Hulimavu Traffic PS,
525,Bengaluru Urban,Indiranagar PS,
525,Bengaluru Urban,J.C. Nagar PS,
525,Bengaluru Urban,Jagajeevanram Nagar PS,
525,Bengaluru Urban,Jalahalli PS,
525,Bengaluru Urban,Jalahalli Traffic PS,
525,Bengaluru Urban,Jayanagar PS,
525,Bengaluru Urban,Jayanagar Traffic PS,
525,Bengaluru Urban,Jayaprakash Nagar PS,
525,Bengaluru Urban,Jeevan Bheemanagar PS,
525,Bengaluru Urban,Jeevan Bhima Nagar (Indiranagar) Traffic PS,
525,Bengaluru Urban,Jnanabharathi PS,
525,Bengaluru Urban,Jnanabharathi Traffic PS,
525,Bengaluru Urban,K G Halli Traffic PS,
525,Bengaluru Urban,K.R. Puram PS,
525,Bengaluru Urban,K.R.Puram Traffic PS,
525,Bengaluru Urban,Kadugodi PS,
525,Bengaluru Urban,Kadugondana Halli PS,
525,Bengaluru Urban,Kamakshipalya PS,
525,Bengaluru Urban,Kamakshipalya Traffic PS,
525,Bengaluru Urban,Kempapura Agrahara PS,
525,Bengaluru Urban,Kempegowda Nagar PS,
525,Bengaluru Urban,Kengeri PS,
525,Bengaluru Urban,Kengeri Traffic PS,
525,Bengaluru Urban,Kodigehalli PS,
525,Bengaluru Urban,Konanakunte PS,
525,Bengaluru Urban,Koramangala PS,
525,Bengaluru Urban,Kothanur PS,
525,Bengaluru Urban,Kumaraswamy Layout PS,
525,Bengaluru Urban,Kumaraswamy Layout Traffic PS,
525,Bengaluru Urban,Kumbalagudu PS,
525,Bengaluru Urban,Madanayakanahally PS,
525,Bengaluru Urban,Madivala PS,
525,Bengaluru Urban,Madivala Traffic PS,
525,Bengaluru Urban,Magadi Road PS,
525,Bengaluru Urban,Magadi Road Traffic PS,
525,Bengaluru Urban,Mahadevapura PS,
525,Bengaluru Urban,Mahalakshmipuram PS,
525,Bengaluru Urban,Malleshwaram PS,
525,Bengaluru Urban,Marathahalli PS,
525,Bengaluru Urban,Mico Layout PS,
525,Bengaluru Urban,Mico Layout Traffic PS,
525,Bengaluru Urban,Nandini Layout PS,
525,Bengaluru Urban,North CEN Crime PS,
525,Bengaluru Urban,North East Women PS,
525,Bengaluru Urban,North Women PS,
525,Bengaluru Urban,NorthEast CEN Crime PS,
525,Bengaluru Urban,Parappana Agrahara,
525,Bengaluru Urban,Peenya PS,
525,Bengaluru Urban,Pulakeshinagar PS,
525,Bengaluru Urban,Pulakeshinagar Traffic PS,
525,Bengaluru Urban,Puttenahalli PS,
525,Bengaluru Urban,R.M.C. Yard PS,
525,Bengaluru Urban,R.T. Nagar PS,
525,Bengaluru Urban,R.T.Nagar Traffic PS,
525,Bengaluru Urban,Rajagopal Nagar PS,
525,Bengaluru Urban,Rajajinagar PS,
525,Bengaluru Urban,Rajanukunte PS,
525,Bengaluru Urban,Rajarajeshwari Nagar PS,
525,Bengaluru Urban,Ramamurthy Nagar PS,
525,Bengaluru Urban,S.J. Park PS,
525,Bengaluru Urban,Sadashivanagar PS,
525,Bengaluru Urban,Sadashivanagar Traffic PS,
525,Bengaluru Urban,Sampangiramanagar PS,
525,Bengaluru Urban,Sampigehalli PS,
525,Bengaluru Urban,Sanjay Nagar PS,
525,Bengaluru Urban,Seshadripuram PS,
525,Bengaluru Urban,Shankarpura PS,
525,Bengaluru Urban,Shivajinagar PS,
525,Bengaluru Urban,Shivajinagar Traffic PS,
525,Bengaluru Urban,Siddapura PS,
525,Bengaluru Urban,Soladevanahalli PS,
525,Bengaluru Urban,South CEN Crime PS,
525,Bengaluru Urban,South East Women PS,
525,Bengaluru Urban,South Women PS,
525,Bengaluru Urban,SouthEast CEN Crime PS,
525,Bengaluru Urban,Srirampura PS,
525,Bengaluru Urban,Subramanyanagar PS,
525,Bengaluru Urban,Subramanyapura PS,
525,Bengaluru Urban,Suddaguntepalya PS,
525,Bengaluru Urban,Thalaghattapura PS,
525,Bengaluru Urban,Thilaknagar PS,
525,Bengaluru Urban,Upparpet PS,
525,Bengaluru Urban,Upparpet Traffic PS,
525,Bengaluru Urban,V V Puram Traffic PS,
525,Bengaluru Urban,Varthur PS,
525,Bengaluru Urban,Vidhana Soudha PS,
525,Bengaluru Urban,Vidyaranyapura PS,
525,Bengaluru Urban,Vijayanagar Traffic PS,
525,Bengaluru Urban,Vishveshwarapuram PS,
525,Bengaluru Urban,Viveknagar PS,
525,Bengaluru Urban,Vyalikaval PS,
525,Bengaluru Urban,West CEN Crime PS,
525,Bengaluru Urban,West Women PS,
525,Bengaluru Urban,Whitefield CEN Crime PS,
525,Bengaluru Urban,Whitefield PS,
525,Bengaluru Urban,Whitefield Traffic PS,
525,Bengaluru Urban,Whitefield Women PS,
525,Bengaluru Urban,Wilsongarden PS,
525,Bengaluru Urban,Wilsongarden Traffic PS,
525,Bengaluru Urban,Yelahanka New Town PS,Yelahanka
525,Bengaluru Urban,Yelahanka PS,Yelahanka
525,Bengaluru Urban,Yeshwanthapura PS,
525,Bengaluru Urban,chikkabanavara PS,
529,Bidar,Aurad PS,Aurad
529,Bidar,Bagdal PS,
529,Bidar,Basava Kalyana Rural PS,
529,Bidar,Basava Kalyana Town PS,
529,Bidar,Basava Kalyana Traffic PS,
529,Bidar,Bemalkhed PS,
529,Bidar,Bhalki Rural PS,Bhalki
529,Bidar,Bhalki Town PS,Bhalki
529,Bidar,Bidar CEN Crime PS,Bidar
529,Bidar,Bidar DCRE PS,Bidar
529,Bidar,Bidar Rural PS,Bidar
529,Bidar,Bidar Town PS,Bidar
529,Bidar,Bidar Traffic PS,Bidar
529,Bidar,Bidar Women PS,Bidar
529,Bidar,Chintaki PS,
529,Bidar,Chitaguppa PS,Chitaguppa
529,Bidar,Dhannura PS,
529,Bidar,Gandhi Gunj PS,
529,Bidar,Hallikhed PS,
529,Bidar,Hokrana PS,
529,Bidar,Hulsoor PS,Hulsoor
529,Bidar,Humnabad PS,
529,Bidar,Humnabad Traffic PS,
529,Bidar,Janwada PS,
529,Bidar,Kamalanagar PS,
529,Bidar,Khataka Chincholi PS,
529,Bidar,Kushnoor PS,
529,Bidar,Manna Ekhelli PS,
529,Bidar,Mannalli PS,
529,Bidar,Market PS,
529,Bidar,Matala PS,
529,Bidar,Mehakar PS,
529,Bidar,Mudbi PS,
529,Bidar,New Town PS,
529,Bidar,Shanthapur PS,
531,Chamarajanagar,Begur PS,
531,Chamarajanagar,Chamarajanagar CEN Crime PS,Chamarajanagar
531,Chamarajanagar,Chamarajanagar East PS,Chamarajanagar
531,Chamarajanagar,Chamarajanagar Rural PS,Chamarajanagar
531,Chamarajanagar,Chamarajanagar Town PS,Chamarajanagar
531,Chamarajanagar,Chamarajanagar Traffic PS,Chamarajanagar
531,Chamarajanagar,Chamarajanagara DCRE PS,Chamarajanagar
531,Chamarajanagar,Chamrajanagar Women ps,
531,Chamarajanagar,Gundlupete PS,Gundlupet
531,Chamarajanagar,Hanur PS,Hanur
531,Chamarajanagar,Kollegala Rural PS,Kollegal
531,Chamarajanagar,Kollegala Town PS,Kollegal
531,Chamarajanagar,Kuderu PS,
531,Chamarajanagar,M.M. Hills PS,
531,Chamarajanagar,Mambali PS,
531,Chamarajanagar,Ramapura PS,
531,Chamarajanagar,Santemaralli PS,
531,Chamarajanagar,Terakambi PS,
531,Chamarajanagar,Yelandur PS,Yelandur
630,Chikkaballapura,Bagepalli PS,Bagepalli
630,Chikkaballapura,Batlahalli PS,
630,Chikkaballapura,Chelur PS,Chelur
630,Chikkaballapura,Chickaballapura CEN Crime PS,
630,Chikkaballapura,Chickballapura Traffic PS,
630,Chikkaballapura,Chikkaballapura DCRE PS,Chikkaballapura
630,Chikkaballapura,Chintamani Rural PS,Chintamani
630,Chikkaballapura,Chintamani Town PS,Chintamani
630,Chikkaballapura,Dibburahalli PS,
630,Chikkaballapura,Gowribidanur Town PS,
630,Chikkaballapura,Kencharlahalli PS,
630,Chikkaballapura,Manchenalli PS,
630,Chikkaballapura,Nandi Giridhama PS,
630,Chikkaballapura,Patapalya PS,
630,Chikkaballapura,Peresandra PS,
630,Chikkaballapura,Shidlagatta Rural PS,
630,Chikkaballapura,Shidlaghatta Town PS,
630,Chikkaballapura,Women PS Chikkaballapura,Chikkaballapura
532,Chikkamagaluru,Ajjampura PS,Ajjampura
532,Chikkamagaluru,Aldur PS,
532,Chikkamagaluru,Balehonnur PS,
532,Chikkamagaluru,Balur PS,
532,Chikkamagaluru,Banakal PS,
532,Chikkamagaluru,Basavanahalli PS,
532,Chikkamagaluru,Birur PS,
532,Chikkamagaluru,Chickmagalur CEN Crime PS,
532,Chikkamagaluru,Chickmagalur Rural PS,
532,Chikkamagaluru,Chickmagalur Town PS,
532,Chikkamagaluru,Chickmagalur Traffic PS,
532,Chikkamagaluru,Chickmagalur Women PS,
532,Chikkamagaluru,Chikkamagaluru DCRE PS,Chikkamagaluru
532,Chikkamagaluru,Gonibeedu PS,
532,Chikkamagaluru,Hariharapura PS,
532,Chikkamagaluru,Jayapura PS,
532,Chikkamagaluru,Kadur PS,Kadur
532,Chikkamagaluru,Kalasa PS,Kalasa
532,Chikkamagaluru,Koppa PS,Koppa
532,Chikkamagaluru,Kuduremukh PS,
532,Chikkamagaluru,Lakkavalli PS,
532,Chikkamagaluru,Lingadahalli PS,
532,Chikkamagaluru,Mallanduru PS,
532,Chikkamagaluru,Mudigere PS,Mudigere
532,Chikkamagaluru,N.R. Pura PS,
532,Chikkamagaluru,Panchanahalli PS,
532,Chikkamagaluru,Sakkaraya Patna PS,
532,Chikkamagaluru,Singatagere PS,
532,Chikkamagaluru,Sringeri PS,Sringeri
532,Chikkamagaluru,Tarikere Town PS,Tarikere
532,Chikkamagaluru,Yagati PS,
533,Chitradurga,Abbinahole PS,
533,Chitradurga,Bharamasagara PS,
533,Chitradurga,Challakere PS,Challakere
533,Chitradurga,Chikkajajur PS,
533,Chitradurga,Chitradurga CEN Crime PS,Chitradurga
533,Chitradurga,Chitradurga DCRE PS,Chitradurga
533,Chitradurga,Chitradurga Extension PS,Chitradurga
533,Chitradurga,Chitradurga Kote PS,Chitradurga
533,Chitradurga,Chitradurga Rural PS,Chitradurga
533,Chitradurga,Chitradurga Town PS,Chitradurga
533,Chitradurga,Chitradurga Traffic PS,Chitradurga
533,Chitradurga,Chitrahalli Gate PS,
533,Chitradurga,Hiriyur Rural PS,Hiriyur
533,Chitradurga,Hiriyur Town PS,Hiriyur
533,Chitradurga,Holalkere PS,Holalkere
533,Chitradurga,Hosadurga PS,
533,Chitradurga,Imangala PS,
533,Chitradurga,Molakalmuru PS,Molakalmuru
533,Chitradurga,Nayakanhatti PS,
533,Chitradurga,Rampura PS,
533,Chitradurga,Srirampura PS,
533,Chitradurga,Thalak PS,
533,Chitradurga,Turuvanur (Jogi) PS,
533,Chitradurga,Women PS,
534,Dakshina Kannada,Bajpe PS,
534,Dakshina Kannada,Bantwala Traffic PS,
534,Dakshina Kannada,Barke PS,
534,Dakshina Kannada,Bellare PS,
534,Dakshina Kannada,Belthangadi PS,
534,Dakshina Kannada,Belthangadi Traffic PS,
534,Dakshina Kannada,Buntwala Rural PS,
534,Dakshina Kannada,Buntwala Town PS,
534,Dakshina Kannada,Cyber Crime PS Mangaluru City,Mangaluru
534,Dakshina Kannada,DK CEN Crime PS,
534,Dakshina Kannada,Dakshina Kannada DCRE PS,
534,Dakshina Kannada,Dakshina Kannada Women PS,
534,Dakshina Kannada,Dharmasthala PS,
534,Dakshina Kannada,E and N Crime PS Mangaluru City,Mangaluru
534,Dakshina Kannada,Kadaba PS,Kadaba
534,Dakshina Kannada,Kankanady Town PS,
534,Dakshina Kannada,Kavoor PS,
534,Dakshina Kannada,Konaje PS,
534,Dakshina Kannada,Mangalore East PS,
534,Dakshina Kannada,Mangalore East Traffic PS,
534,Dakshina Kannada,Mangalore North PS,
534,Dakshina Kannada,Mangalore Rural PS,
534,Dakshina Kannada,Mangalore South PS,
534,Dakshina Kannada,Mangalore West Traffic PS,
534,Dakshina Kannada,Mangalore Women PS,
534,Dakshina Kannada,Moodabidre PS,
534,Dakshina Kannada,Mulki PS,Mulki
534,Dakshina Kannada,Panambur PS,
534,Dakshina Kannada,Punjalkatte PS,
534,Dakshina Kannada,Puttur Rural PS,Puttur
534,Dakshina Kannada,Puttur Town PS,Puttur
534,Dakshina Kannada,Puttur Traffic PS,Puttur
534,Dakshina Kannada,Subramanya PS,
534,Dakshina Kannada,Sullia PS,
534,Dakshina Kannada,Surathkal PS,
534,Dakshina Kannada,Traffic North Police Station,
534,Dakshina Kannada,Traffic South Police Station,
534,Dakshina Kannada,Ullal PS,
534,Dakshina Kannada,Uppinangadi PS,
534,Dakshina Kannada,Urva PS,
534,Dakshina Kannada,Venoor PS,
534,Dakshina Kannada,Vitla PS,
535,Davanagere,Azad Nagar PS,
535,Davanagere,Basavanagara PS,
535,Davanagere,Basavapatna PS,
535,Davanagere,Bilichodu PS,
535,Davanagere,Channagiri PS,Channagiri
535,Davanagere,Davanagere CEN Crime PS,Davanagere
535,Davanagere,Davanagere DCRE PS,Davanagere
535,Davanagere,Davanagere Extention PS,Davanagere
535,Davanagere,Davanagere Rural PS,Davanagere
535,Davanagere,Davanagere South Traffic PS,Davanagere
535,Davanagere,Davangere Traffic North PS,
535,Davanagere,Gandhi Nagar PS,
535,Davanagere,Hadadi PS,
535,Davanagere,Harihara Rural PS,Harihar
535,Davanagere,Harihara Town PS,Harihar
535,Davanagere,Honnali PS,Honnali
535,Davanagere,Jagalur PS,Jagalur
535,Davanagere,KTJ Nagar PS,
535,Davanagere,Malebennur PS,
535,Davanagere,Mayakonda PS,
535,Davanagere,Nyamathi PS,Nyamathi
535,Davanagere,RMC Yard PS,
535,Davanagere,Santhebennur PS,
535,Davanagere,Vidyanagar PS,
535,Davanagere,Women PS,
536,Dharwad,APMC Navanagar,
536,Dharwad,Alnavar PS,Alnavar
536,Dharwad,Annigeri PS,Annigeri
536,Dharwad,Ashoknagar PS,
536,Dharwad,Bendigeri PS,
536,Dharwad,CEN Crime PS Hubballi Dharwad City,Dharwad
536,Dharwad,Dharwad CEN Crime PS,Dharwad
536,Dharwad,Dharwad DCRE PS,Dharwad
536,Dharwad,Dharwad Rural PS,Dharwad
536,Dharwad,Dharwad Sub-Urban PS,Dharwad
536,Dharwad,Dharwad Town PS,Dharwad
536,Dharwad,Dharwad Traffic PS,Dharwad
536,Dharwad,Dharwad Women PS,Dharwad
536,Dharwad,E and N Crime PS HD city,
536,Dharwad,Garag PS,
536,Dharwad,Ghantikeri PS,
536,Dharwad,Gokul Road PS,
536,Dharwad,Gudageri PS,
536,Dharwad,Hubli East Traffic PS,
536,Dharwad,Hubli North Traffic PS,
536,Dharwad,Hubli Rural PS,
536,Dharwad,Hubli South Traffic PS,
536,Dharwad,Hubli Sub-Urban PS,
536,Dharwad,Hubli Town PS,
536,Dharwad,Kalaghatagi PS,
536,Dharwad,Kamaripeth PS,
536,Dharwad,Kasabapeth PS,
536,Dharwad,Keshavapur PS,
536,Dharwad,Kundagol PS,
536,Dharwad,Navalgund PS,Navalgund
536,Dharwad,Old Hubli PS,
536,Dharwad,Vidyagiri PS,
536,Dharwad,Vidyanagar PS,
536,Dharwad,Women PS,
537,Gadag,Betageri Extention PS,
537,Gadag,Betageri PS,
537,Gadag,Gadag CEN Crime PS,Gadag
537,Gadag,Gadag DCRE PS,Gadag
537,Gadag,Gadag Rural PS,Gadag
537,Gadag,Gadag Town PS,Gadag
537,Gadag,Gadag Traffic PS,Gadag
537,Gadag,Gadag Women PS,Gadag
537,Gadag,Gajendragad PS,Gajendragad
537,Gadag,Lakshmeshwar PS,
537,Gadag,Mulagund PS,
537,Gadag,Mundargi PS,Mundargi
537,Gadag,Naregal PS,
537,Gadag,Nargund PS,Nargund
537,Gadag,Ron PS,Ron
537,Gadag,Shirahatti PS,Shirahatti
539,Hassan,Alur PS,Alur
539,Hassan,Arakalagud PS,
539,Hassan,Arasikere Rural PS,
539,Hassan,Arasikere Town PS,
539,Hassan,Arehalli PS,
539,Hassan,Banavara PS,
539,Hassan,Belur PS,Belur
539,Hassan,Channarayapatna Rural PS,Channarayapatna
539,Hassan,Channarayapatna Town PS,Channarayapatna
539,Hassan,Channarayapatna Traffic PS,Channarayapatna
539,Hassan,Dudda PS,
539,Hassan,Gandasi PS,
539,Hassan,Goruru PS,
539,Hassan,Halebeedu PS,
539,Hassan,Hallymysore PS,
539,Hassan,Hassan CEN Crime PS,Hassan
539,Hassan,Hassan City PS,Hassan
539,Hassan,Hassan DCRE PS,Hassan
539,Hassan,Hassan Extn. PS,Hassan
539,Hassan,Hassan Rural PS,Hassan
539,Hassan,Hassan Traffic PS,Hassan
539,Hassan,Hassan Women PS,Hassan
539,Hassan,Hirisave PS,
539,Hassan,Holenarasipura Rural PS,
539,Hassan,Holenarasipura Town PS,
539,Hassan,Javagal PS,
539,Hassan,Konanur PS,
539,Hassan,Nuggehalli PS,
539,Hassan,Pension Mohalla PS,
539,Hassan,Sakaleshpura Rural PS,
539,Hassan,Sakaleshpura Town PS,
539,Hassan,Shanthigrama PS,
539,Hassan,Shravanabelagola PS,
539,Hassan,Yesalur PS,Alur
540,Haveri,Adur PS,
540,Haveri,Bankapura PS,
540,Haveri,Byadagi PS,
540,Haveri,Guttal PS,
540,Haveri,Halageri PS,
540,Haveri,Hanagal PS,
540,Haveri,Hansabhavi PS,
540,Haveri,Haveri CEN Crime PS,Haveri
540,Haveri,Haveri DCRE PS,Haveri
540,Haveri,Haveri Rural PS,Haveri
540,Haveri,Haveri Town PS,Haveri
540,Haveri,Haveri Traffic PS,Haveri
540,Haveri,Haveri Women PS,Haveri
540,Haveri,Hirekerur PS,Hirekerur
540,Haveri,Kaginele PS,
540,Haveri,Kumarapattanam PS,
540,Haveri,Ranebennur Rural PS,
540,Haveri,Ranebennur Town PS,
540,Haveri,Ranebennur Traffic PS,
540,Haveri,Rattihalli PS,Rattihalli
540,Haveri,Savanoor PS,
540,Haveri,Shiggaon PS,Shiggaon
540,Haveri,Tadas PS,
538,Kalaburagi,Afzalpur PS,Afzalpur
538,Kalaburagi,Alland PS,
538,Kalaburagi,Ashoknagar PS,
538,Kalaburagi,Brahmapur PS,
538,Kalaburagi,Chincholi PS,Chincholi
538,Kalaburagi,Chittapura PS,Chittapur
538,Kalaburagi,Chowk PS,
538,Kalaburagi,Devalagangapur PS,
538,Kalaburagi,Ferhatabad PS,
538,Kalaburagi,Jewargi PS,
538,Kalaburagi,Kalaburagi CEN Crime PS,Kalaburagi
538,Kalaburagi,Kalaburagi City CENCrime PS,Kalaburagi
538,Kalaburagi,Kalaburagi City Women PS,Kalaburagi
538,Kalaburagi,Kalaburagi Rural PS,Kalaburagi
538,Kalaburagi,Kalaburagi Traffic I PS,Kalaburagi
538,Kalaburagi,Kalaburagi Traffic II PS,Kalaburagi
538,Kalaburagi,Kalaburagi Women PS,Kalaburagi
538,Kalaburagi,Kalaburgi DCRE PS,
538,Kalaburagi,Kalagi PS,Kalagi
538,Kalaburagi,Kamalapur PS,Kamalapur
538,Kalaburagi,Kunchavaram PS,
538,Kalaburagi,Kurakunta PS,
538,Kalaburagi,MB Nagar PS,
538,Kalaburagi,Madanahipparga PS,
538,Kalaburagi,Madbool PS,
538,Kalaburagi,Mahagoan PS,
538,Kalaburagi,Malkhed PS,
538,Kalaburagi,Miryan PS,
538,Kalaburagi,Mudhol PS,
538,Kalaburagi,Narona PS,
538,Kalaburagi,Nelogi PS,
538,Kalaburagi,Nimbarga PS,
538,Kalaburagi,Ragavendranagar PS,
538,Kalaburagi,Ratkal PS,
538,Kalaburagi,Revoor PS,
538,Kalaburagi,Roza PS,
538,Kalaburagi,Sedam PS,Sedam
538,Kalaburagi,Shahabad Town PS,Shahabad
538,Kalaburagi,Station Bazar PS,
538,Kalaburagi,Sulepet PS,
538,Kalaburagi,University PS,
538,Kalaburagi,Wadi PS,
538,Kalaburagi,Yedrami PS,
541,Kodagu,Bhagamandala PS,
541,Kodagu,Gonikoppa PS,
541,Kodagu,Kodagu CEN Crime PS,
541,Kodagu,Kodagu DCRE PS,
541,Kodagu,Kodagu Women PS,
541,Kodagu,Kushalanagar Rural PS,
541,Kodagu,Kushalnagar PS,Kushalnagar
541,Kodagu,Kushalnagar Traffic PS,Kushalnagar
541,Kodagu,Kutta PS,
541,Kodagu,Madikeri Rural PS,Madikeri
541,Kodagu,Madikeri Town PS,Madikeri
541,Kodagu,Madikeri Traffic PS,Madikeri
541,Kodagu,Napoklu PS,
541,Kodagu,Ponnampet PS,Ponnampet
541,Kodagu,Shanivarasanthe PS,
541,Kodagu,Siddapura PS,
541,Kodagu,Somwarpet PS,
541,Kodagu,Srimangala PS,
541,Kodagu,Sunticoppa PS,
541,Kodagu,Virajpet Rural PS,Virajpet
541,Kodagu,Virajpet Town PS,Virajpet
542,Kolar,Andersonpet PS,
542,Kolar,BEML Nagar PS,
542,Kolar,Bangarpet PS,
542,Kolar,Bethamangala PS,
542,Kolar,Budikote Police Station,
542,Kolar,Champion Reefs PS,
542,Kolar,Gownapalli PS,
542,Kolar,Gulpet PS,
542,Kolar,KGF CEN Crime PS,
542,Kolar,Kamasamudram PS,
542,Kolar,Kolar CEN Crime PS,Kolar
542,Kolar,Kolar DCRE PS,Kolar
542,Kolar,Kolar Rural PS,Kolar
542,Kolar,Kolar Town PS,Kolar
542,Kolar,Kolar Traffic PS,Kolar
542,Kolar,Kolar Women PS,Kolar
542,Kolar,Kyasamballi Police Station,
542,Kolar,Malur PS,Malur
542,Kolar,Marikuppam PS,
542,Kolar,Masti PS,
542,Kolar,Mulbagal Rural PS,Mulbagal
542,Kolar,Mulbagal Town PS,Mulbagal
542,Kolar,Nangli PS,
542,Kolar,Oorgaum PS,
542,Kolar,Rayalpad PS,
542,Kolar,Robertsonpet PS,
542,Kolar,Srinivasapura PS,
542,Kolar,Vemagal PS,
543,Koppal,Alwandi PS,
543,Koppal,Bevoor PS,
543,Koppal,Gangavathi Rural PS,
543,Koppal,Gangavathi Town PS,
543,Koppal,Gangavathi Traffic PS,
543,Koppal,Hanumasagar PS,
543,Koppal,Kanakagiri PS,Kanakagiri
543,Koppal,Karatagi PS,Karatagi
543,Koppal,Koppal CEN Crime PS,Koppal
543,Koppal,Koppal DCRE PS,Koppal
543,Koppal,Koppal Rural PS,Koppal
543,Koppal,Koppal Town PS,Koppal
543,Koppal,Koppal Traffic PS,Koppal
543,Koppal,Koppal Women PS,Koppal
543,Koppal,Kuknoor PS,
543,Koppal,Kushtagi PS,Kushtagi
543,Koppal,Munirabad PS,
543,Koppal,Tavaregera PS,
543,Koppal,Yelburga PS,
544,Mandya,Arakere PS,
544,Mandya,Basaralu PS,
544,Mandya,Belakavadi PS,
544,Mandya,Bellur PS,
544,Mandya,Besagaraghalli PS,
544,Mandya,Bindiganavile PS,
544,Mandya,Halagur PS,
544,Mandya,K.M. Doddi PS,
544,Mandya,K.R. Pet Rural PS,
544,Mandya,K.R. Pet Town PS,
544,Mandya,K.R. Sagar PS,
544,Mandya,Keragodu PS,
544,Mandya,Kesthur PS,
544,Mandya,Kikkeri PS,
544,Mandya,Kirugavalu PS,
544,Mandya,Koppa PS,
544,Mandya,Maddur PS,Maddur
544,Mandya,Maddur Traffic PS,Maddur
544,Mandya,Malavalli Rural PS,Malavalli
544,Mandya,Malavalli Town PS,Malavalli
544,Mandya,Mandya CEN Crime PS,Mandya
544,Mandya,Mandya Central PS,Mandya
544,Mandya,Mandya DCRE PS,Mandya
544,Mandya,Mandya East PS,Mandya
544,Mandya,Mandya Rural PS,Mandya
544,Mandya,Mandya Traffic PS,Mandya
544,Mandya,Mandya West PS,Mandya
544,Mandya,Mandya Women PS,Mandya
544,Mandya,Melukote PS,
544,Mandya,Nagamangala Rural PS,Nagamangala
544,Mandya,Nagamangala Town PS,Nagamangala
544,Mandya,Pandavapura PS,Pandavapura
544,Mandya,Shivalli PS,
544,Mandya,Srirangapatna PS,
544,Mandya,Srirangapatna Rural PS,
544,Mandya,Srirangapatna Traffic PS,
545,Mysuru,Alanahally PS,
545,Mysuru,Ashokpuram PS,
545,Mysuru,Bannur PS,
545,Mysuru,Beechanahalli PS,
545,Mysuru,Bettadapura PS,
545,Mysuru,Biligere PS I Badanavalu,
545,Mysuru,Bilikere PS,
545,Mysuru,Bylakuppe PS,
545,Mysuru,Cyber Crime PS Mysuru City,Mysuru
545,Mysuru,Devaraja PS,
545,Mysuru,Deveraja Traffic PS,
545,Mysuru,E and N Crime PS Mysuru City,Mysuru
545,Mysuru,H.D. Kote PS,
545,Mysuru,Hebbal PS,
545,Mysuru,Hullahalli PS,
545,Mysuru,Hunusur Rural PS,
545,Mysuru,Hunusur Town PS,
545,Mysuru,Jayalakshmipuram PS,
545,Mysuru,Jayapura PS,
545,Mysuru,K.R. Nagar PS,
545,Mysuru,Kowlande PS,
545,Mysuru,Krishnaraja PS,
545,Mysuru,Krishnaraja Traffic PS,
545,Mysuru,Kuvempunagar PS,
545,Mysuru,Lashkar PS,
545,Mysuru,Laxmipuram PS,
545,Mysuru,Mandi PS,
545,Mysuru,Metagalli PS,
545,Mysuru,Mysore South PS,
545,Mysuru,Mysuru CEN Crime PS,Mysuru
545,Mysuru,Mysuru DCRE PS,Mysuru
545,Mysuru,Mysuru Women PS,Mysuru
545,Mysuru,Nanjanagudu Rural PS,
545,Mysuru,Nanjanagudu Town PS,
545,Mysuru,Nanjangudu Traffic PS,Nanjangud
545,Mysuru,Narasimharaja PS,
545,Mysuru,Narasimharaja Traffic PS,
545,Mysuru,Nazarbad PS,
545,Mysuru,Periyapatna PS,
545,Mysuru,Saligrama PS,Saligrama
545,Mysuru,Saragur PS,
545,Mysuru,Saraswathipuram PS,
545,Mysuru,Siddarthanagar Traffic PS,
545,Mysuru,T. Narasipura PS,
545,Mysuru,Talakadu PS,
545,Mysuru,Udayagiri PS,
545,Mysuru,V V Puram Traffic PS,
545,Mysuru,V.V. Puram PS,
545,Mysuru,Varuna PS,
545,Mysuru,Vidyaranyarpuram PS,
545,Mysuru,Vijayanagar PS,
545,Mysuru,Women PS,
545,Mysuru,Yelawala PS,
546,Raichur,Balaganoor PS,
546,Raichur,Devadurga PS,Devadurga
546,Raichur,Gabbur PS,
546,Raichur,Hutti PS,
546,Raichur,Idapanur PS,
546,Raichur,Jalhalli PS,
546,Raichur,Kowthal PS,
546,Raichur,Lingasugur PS,Lingasugur
546,Raichur,Manvi PS,Manvi
546,Raichur,Market Yard PS,
546,Raichur,Maski PS,Maski
546,Raichur,Mudgal PS,
546,Raichur,Raichur CEN Crime PS,Raichur
546,Raichur,Raichur DCRE PS,Raichur
546,Raichur,Raichur Rural PS,Raichur
546,Raichur,Raichur Traffic PS,Raichur
546,Raichur,Raichur West PS,Raichur
546,Raichur,Sadar Bazar PS,
546,Raichur,Shakti Nagar PS,
546,Raichur,Sindanur Traffic PS,
546,Raichur,Sirwar PS,Sirwar
546,Raichur,Turvihal PS,
546,Raichur,Women PS,
546,Raichur,Yapaladinni PS,
546,Raichur,Yeregera PS,
547,Shivamogga,Agumbe PS,
547,Shivamogga,Anandapura PS,
547,Shivamogga,Anavatti PS,
547,Shivamogga,Bhadravathi New Town PS,
547,Shivamogga,Bhadravathi Old Town PS,
547,Shivamogga,Bhadravathi Rural PS,
547,Shivamogga,Bhadravathi Traffic PS,
547,Shivamogga,Doddapete PS,
547,Shivamogga,Holehonnur PS,
547,Shivamogga,Hosamane PS,
547,Shivamogga,Hosanagara PS,Hosanagara
547,Shivamogga,Jayanagara PS,
547,Shivamogga,Jog PS,
547,Shivamogga,Kargal PS,
547,Shivamogga,Kote PS,
547,Shivamogga,Kumsi PS,
547,Shivamogga,Malur PS,
547,Shivamogga,Nagara PS,
547,Shivamogga,Paper Town PS,
547,Shivamogga,Ripponpet PS,
547,Shivamogga,Sagar Rural PS,Sagar
547,Shivamogga,Sagar Town PS,Sagar
547,Shivamogga,Shikaripura Rural PS,
547,Shivamogga,Shikaripura Town PS,
547,Shivamogga,Shimoga East Traffic PS,
547,Shivamogga,Shimoga Rural PS,
547,Shivamogga,Shimoga Traffic PS,
547,Shivamogga,Shiralakuppa PS,
547,Shivamogga,Shivamogga CEN Crime PS,Shivamogga
547,Shivamogga,Shivamogga DCRE PS,Shivamogga
547,Shivamogga,Soraba PS,Sorab
547,Shivamogga,Thirthahalli PS,
547,Shivamogga,Tunga Nagar PS,
547,Shivamogga,Vinobanagara PS,
547,Shivamogga,Women PS,
548,Tumakuru,Amruthur PS,
548,Tumakuru,Arasikere PS,
548,Tumakuru,Badavanahalli PS,
548,Tumakuru,Bellavi PS,
548,Tumakuru,Chandrashekarpura PS,
548,Tumakuru,Chelur PS,
548,Tumakuru,Chikkanayakanahalli PS,
548,Tumakuru,Dandina Shivara PS,
548,Tumakuru,Gubbi PS,Gubbi
548,Tumakuru,Handanakere PS,
548,Tumakuru,Hebbur PS,
548,Tumakuru,Honnavalli PS,
548,Tumakuru,Huliyar PS,
548,Tumakuru,Huliyurdurga PS,
548,Tumakuru,Jayanagara PS,
548,Tumakuru,Kallambella PS,
548,Tumakuru,Kibbanhalli PS,
548,Tumakuru,Kodigenahalli PS,
548,Tumakuru,Kolala PS,
548,Tumakuru,Kora PS,
548,Tumakuru,Koratagere PS,Koratagere
548,Tumakuru,Kunigal PS,Kunigal
548,Tumakuru,Kyathasandra PS,
548,Tumakuru,Madhugiri PS,Madhugiri
548,Tumakuru,Medigeshi PS,
548,Tumakuru,New Extention PS,
548,Tumakuru,Nonavinakere PS,
548,Tumakuru,Patanayakanahalli PS,
548,Tumakuru,Pavagada PS,Pavagada
548,Tumakuru,Sira PS,Sira
548,Tumakuru,Tavarekere PS,
548,Tumakuru,Thilak Park PS,
548,Tumakuru,Thirumani PS,
548,Tumakuru,Tiptur Rural PS,Tiptur
548,Tumakuru,Tiptur Town PS,Tiptur
548,Tumakuru,Tumakuru DCRE PS,Tumakuru
548,Tumakuru,Tumkur CEN Crime PS,
548,Tumakuru,Tumkur Rural PS,
548,Tumakuru,Tumkur Town PS,
548,Tumakuru,Tumkur Traffic PS,
548,Tumakuru,Turuvekere PS,Turuvekere
548,Tumakuru,Women PS,
548,Tumakuru,Y.N. Hosakote PS,
549,Udupi,Ajekar PS,
549,Udupi,Amasebailu PS,
549,Udupi,Brahmavar PS,
549,Udupi,Byndoor PS,
549,Udupi,Gangolli PS,
549,Udupi,Hebri PS,Hebri
549,Udupi,Hiriadka PS,
549,Udupi,Kapu PS,Kapu
549,Udupi,Karkala Rural PS,Karkal
549,Udupi,Karkala Town PS,Karkal
549,Udupi,Kollur PS,
549,Udupi,Kota PS,
549,Udupi,Kundapura PS,Kundapura
549,Udupi,Kundapura Rural PS,Kundapura
549,Udupi,Kundapura Traffic PS,Kundapura
549,Udupi,Malpe PS,
549,Udupi,Manipal PS,
549,Udupi,Padubidri PS,
549,Udupi,Shankaranarayana PS,
549,Udupi,Shirva PS,
549,Udupi,Udupi CEN Crime PS,Udupi
549,Udupi,Udupi DCRE PS,Udupi
549,Udupi,Udupi Town PS,Udupi
549,Udupi,Udupi Traffic PS,Udupi
549,Udupi,Women PS,
550,Uttara Kannada,Ambikanagar PS,
550,Uttara Kannada,Ankola PS,Ankola
550,Uttara Kannada,Banavasi PS,
550,Uttara Kannada,Bhatkal Rural PS,Bhatkal
550,Uttara Kannada,Bhatkal Town PS,Bhatkal
550,Uttara Kannada,Chittakula PS,
550,Uttara Kannada,Dandeli Rural PS,Dandeli
550,Uttara Kannada,Dandeli Town PS,Dandeli
550,Uttara Kannada,Gokarna PS,
550,Uttara Kannada,Haliyal PS,Haliyal
550,Uttara Kannada,Honnavara PS,
550,Uttara Kannada,Joida PS,
550,Uttara Kannada,Kadra PS,
550,Uttara Kannada,Karwar Rural PS,Karwar
550,Uttara Kannada,Karwar Town PS,Karwar
550,Uttara Kannada,Karwar Traffic PS,Karwar
550,Uttara Kannada,Kumta PS,Kumta
550,Uttara Kannada,Mallapura PS,
550,Uttara Kannada,Manki PS,
550,Uttara Kannada,Mundgod PS,Mundgod
550,Uttara Kannada,Murudeshwar PS,
550,Uttara Kannada,New Market PS,
550,Uttara Kannada,Ramnagar PS,
550,Uttara Kannada,Siddapura PS,Siddapur
550,Uttara Kannada,Sirsi Rural PS,Sirsi
550,Uttara Kannada,Sirsi Town PS,Sirsi
550,Uttara Kannada,UK CEN Crime PS,
550,Uttara Kannada,UK Women PS,
550,Uttara Kannada,Uttara Kannada DCRE PS,
550,Uttara Kannada,Yellapura PS,Yellapur
738,Vijayanagara,Arasikere PS,
738,Vijayanagara,Chigateri PS,
738,Vijayanagara,Chittavadagi PS,
738,Vijayanagara,Gudekote PS,
738,Vijayanagara,Hadagali PS,
738,Vijayanagara,Hagaribommanahalli PS,Hagaribommanahalli
738,Vijayanagara,Halavagilu PS,
738,Vijayanagara,Hampi Tourism PS,
738,Vijayanagara,Hampi Traffic PS,
738,Vijayanagara,Harapanahalli PS,Harapanahalli
738,Vijayanagara,Hirehadagali PS,
738,Vijayanagara,Hosahalli PS,
738,Vijayanagara,Hospet Extention PS,
738,Vijayanagara,Hospet Rural PS,
738,Vijayanagara,Hospet Town PS,
738,Vijayanagara,Hospet Traffic PS,
738,Vijayanagara,Ittigi PS,
738,Vijayanagara,Kamalapur PS,
738,Vijayanagara,Kottur PS,
738,Vijayanagara,Kudligi PS,Kudligi
738,Vijayanagara,Mariyammanahalli PS,
738,Vijayanagara,T.B. Dam PS,
738,Vijayanagara,T.B. Halli PS,
738,Vijayanagara,Vijayanagara DCRE PS,
530,Vijayapura,APMC PS,
530,Vijayapura,Adarsh Nagar PS,
530,Vijayapura,Alamatti PS,
530,Vijayapura,Almel PS,Almel
530,Vijayapura,Babaleshwar PS,Babaleshwar
530,Vijayapura,Basavan Bagewadi PS,
530,Vijayapura,Bijapur Traffic PS,
530,Vijayapura,Bijapur rural PS,
530,Vijayapura,Chadachan PS,
530,Vijayapura,Devara Hipparagi PS,Devara Hipparagi
530,Vijayapura,Gandhi Chowk PS,
530,Vijayapura,Golgumbaz PS,
530,Vijayapura,Hortti PS,
530,Vijayapura,Indi PS,Indi
530,Vijayapura,Indi Rural PS,Indi
530,Vijayapura,Jalanagar PS,
530,Vijayapura,Kalkeri PS,
530,Vijayapura,Kolhar PS,Kolhar
530,Vijayapura,Kudagi PS,
530,Vijayapura,Managoli PS,
530,Vijayapura,Muddebihal PS,Muddebihal
530,Vijayapura,Nidagundi PS,Nidagundi
530,Vijayapura,Sindagi PS,
530,Vijayapura,Talikot PS,
530,Vijayapura,Tikota PS,Tikota
530,Vijayapura,Vijayapur CEN Crime PS,
530,Vijayapura,Vijayapura DCRE PS,Vijayapura
530,Vijayapura,Vijayapura Women PS,Vijayapura
530,Vijayapura,Zalaki PS,
635,Yadgir,Bheemarayanagudi PS,
635,Yadgir,Gogi PS,
635,Yadgir,Gurumitkal PS,
635,Yadgir,Hunasagi PS,Hunasagi
635,Yadgir,Kembhavi PS,
635,Yadgir,Kodekal PS,
635,Yadgir,Narayanapura PS,
635,Yadgir,Saidapur PS,
635,Yadgir,Shahapur PS,
635,Yadgir,Shorapur PS,Shorapur
635,Yadgir,Wadigere PS,
635,Yadgir,Yadgir CEN Crime PS,Yadgir
635,Yadgir,Yadgir DCRE PS,Yadgir
635,Yadgir,Yadgir Traffic PS,Yadgir
635,Yadgir,Yadgir Women PS,Yadgir
635,Yadgir,Yadgiri Rural PS,Yadgir
635,Yadgir,Yadgiri Town PS,Yadgir
