station_id,station_name,longitude,latitude
345.0,APMC Navanagar,75.0815680002809,15.3927790001568
78.0,APMC Yard PS,74.5085170002766,15.8839949997159
832.0,Abbinahole PS,76.7515920003006,14.0417150000132
539.0,Adarsh Nagar PS,75.7107099999683,16.8502199998858
152.0,Adugodi PS,77.6115419998195,12.941430999878
336.0,Adur PS,75.2509050002656,14.7735429997198
387.0,Afzalpur PS,76.3582500001155,17.2028699998072
778.0,Agumbe PS,75.097434000409,13.5109009998969
474.0,Aigali PS,75.249869999662,16.7794599996093
710.0,Ajekar PS,74.999538000391,13.3190330000313
692.0,Ajjampura PS,75.999862000049,13.756626000254
225.0,Akkur PS,77.2895049996422,12.7126049999478
528.0,Alamatti PS,75.8977699998408,16.343020000317
436.0,Alanahally PS,76.7037689004229,12.3071192100217
670.0,Aldur PS,75.6518199996951,13.2432469998633
390.0,Alland PS,76.5607100004583,17.5616599997127
547.0,Almel PS,76.2187820003435,17.0900830003164
503.0,Alnavar PS,74.7400280000106,15.4316689998837
593.0,Alur PS,75.9899900002442,12.9773529999543
39.0,Alwandi PS,75.990564999943,15.2316289997451
718.0,Amasebailu PS,74.9485879999256,13.6030689995903
738.0,Ambikanagar PS,74.659325999899,15.1239950003451
461.0,Amengad PS,75.9456940002023,16.0566130004213
128.0,Amruthahally PS,77.5985649995896,13.0568580000581
265.0,Amruthur PS,76.9346000003283,12.9145999999895
771.0,Anavatti PS,75.1506170001106,14.5627749999232
201.0,Andersonpet PS,78.2702600003173,12.9342199996651
791.0,Anekal PS,77.692886400445,12.7101184001285
833.0,Ankalgi PS,74.6932490004634,16.0278369999957
484.0,Ankali PS,74.6702752823781,16.5400475269284
742.0,Ankola PS,74.3054620003402,14.6598159995517
164.0,Annapoorneshwari Nagar PS,77.5127363002522,12.9764945003794
515.0,Annigeri PS,75.4335279997175,15.4293889996275
798.0,Anugondanahalli PS,77.8213556279946,12.9747649611325
583.0,Arakalagud PS,76.0569999998787,12.7658860002264
641.0,Arakere PS,76.8135740001178,12.4106780003366
317.0,Arasikere PS,76.0743689998887,14.6702829996762
568.0,Arasikere Rural PS,76.2569929998741,13.3126749996872
572.0,Arasikere Town PS,76.2568810000522,13.3122830000798
840.0,Arehalli PS,75.8018299998595,13.0454269998852
862.0,Arsikere PS,77.0413860804016,14.0840889883304
403.0,Ashoknagar PS,76.8155555558063,17.3223333326348
346.0,Ashoknagar PS,75.1318450001869,15.3689909999987
850.0,Ashoknagar PS,77.6101850003906,12.9716320001726
442.0,Ashokpuram PS,76.6312979999431,12.2893060002719
834.0,Athani PS,75.06000800015,16.7266850002997
843.0,Attibele PS,77.7716710001049,12.7789360000593
358.0,Aurad PS,77.4122979997886,18.2490299998802
797.0,Avalahally PS,77.7457209996652,13.042326000046
301.0,Azad Nagar PS,75.9253489998062,14.4808990000607
199.0,BEML Nagar PS,78.2366999996363,12.9808200004054
125.0,BIAL PS,77.7059880001317,13.1991489995673
535.0,Babaleshwar PS,75.5803200004047,16.6658299997346
455.0,Badami PS,75.6785770002963,15.9239249999605
262.0,Badavanahalli PS,77.0648799999065,13.6756610003453
117.0,Bagalgunte PS,77.5036570001419,13.0595489998628
458.0,Bagalkot Rural PS,75.6924640003567,16.1810079997981
827.0,Bagalkot Town PS,75.6557194457004,16.1172363103006
852.0,Bagalur PS,77.6704359997402,13.1400419997494
371.0,Bagdal PS,77.3999689999566,17.7495159997799
185.0,Bagepalli PS,77.7924889995652,13.7833130001471
69.0,Bagewadi PS,74.6373274007038,15.7761522323095
478.0,Bailhongal PS,74.8629139995728,15.8184370002436
65.0,Balagaor PS,76.749950399616,15.9553054000286
684.0,Balehonnur PS,75.4657970001967,13.3511840001246
870.0,Ballari APMC Yard PS,76.9119893355174,15.1200727097952
30.0,Ballari Rural PS,76.9250640002023,15.1444889998702
874.0,Ballari Women PS,76.9198003222493,15.1528987201765
675.0,Balur PS,75.5031459998877,13.1533940000468
676.0,Banakal PS,75.5544860001022,13.1374259998632
134.0,Banashankari PS,77.5679710003444,12.9292740000901
94.0,Banaswadi PS,77.6403087004,13.0196345004026
569.0,Banavara PS,76.1628809997244,13.4047820003321
751.0,Banavasi PS,75.0212390561594,14.540638491595
149.0,Bandepalya PS,77.6415333333942,12.9056000003551
194.0,Bangarpet PS,78.1788199998546,12.985930000209
339.0,Bankapura PS,75.2700669998461,14.9147049998035
792.0,Bannerghatta PS,77.5792525001605,12.8135433004012
666.0,Bannur PS,76.8664222218755,12.3328861113612
696.0,Bantwala Rural PS,75.0404499999249,12.8907833327236
697.0,Bantwala Town PS,75.0313750000531,12.8813960002963
625.0,Basaralu PS,76.8172530001449,12.7058440002913
835.0,Basava Kalyana Rural PS,76.962817525583,17.8756991860418
378.0,Basava Kalyana Town PS,76.9475023157556,17.8738776871821
529.0,Basavan Bagewadi PS,75.9689999997507,16.5720999995958
302.0,Basavanagara PS,75.9184260000763,14.4692230002346
135.0,Basavanagudi PS,77.5742406181053,12.9419994209918
139.0,Basavanagudi Women PS,77.5678107000166,12.9290081004219
673.0,Basavanahalli PS,75.7735859998332,13.3281699998605
306.0,Basavapatna PS,75.8171230001795,14.2062850000917
171.0,Basaveshwara Nagar PS,77.542571994291,12.9853070014035
487.0,Basaweshwar Chowk PS,74.3776648175465,16.4104677522245
190.0,Batalahalli PS,78.1314309165029,13.5820580944041
646.0,Beechanahalli PS,76.3499666674012,11.9907305560008
558.0,Begur PS,76.671146000347,11.9345929999969
854.0,Begur PS,77.6243380001586,12.8782620001631
73.0,Belagavi Camp PS,74.5045500000356,15.8547100001631
77.0,Belagavi City Women PS,74.5058495227933,15.8577009658827
80.0,Belagavi Market PS,74.5196670000549,15.8624710003501
70.0,Belagavi Rural PS,74.5145610002729,15.8331710002305
621.0,Belakavadi PS,77.1226469996849,12.2566390004105
783.0,Bellanduru PS,77.6678679998158,12.9191619996926
705.0,Bellare PS,75.3708391857439,12.6640612816479
272.0,Bellavi PS,77.0175909370316,13.4146458720677
636.0,Bellur PS,76.7356419995543,12.9814419997485
699.0,Belthangadi PS,75.2827340000247,12.9899590000929
573.0,Belur PS,75.8754489997066,13.1741919998648
381.0,Bemalkhed PS,77.4246340001664,17.6620550001425
353.0,Bendigeri PS,75.1503440003866,15.3425479998105
617.0,Besagaraghalli PS,77.0060279998678,12.63613900021
517.0,Betageri Extention PS,75.6522139996588,15.4276390003914
516.0,Betageri PS,75.6468818515471,15.4452623455419
195.0,Bethamangala PS,78.3333199996323,13.0082299996789
652.0,Bettadapura PS,76.1012388886752,12.4656666670044
837.0,Bevoor PS,76.1709389998177,15.566830999975
763.0,Bhadravathi New Town PS,75.6910479997434,13.8377760002767
764.0,Bhadravathi Old Town PS,75.702880000197,13.8468979997847
859.0,Bhadravathi Rural PS,75.6869140239428,13.8257444363277
598.0,Bhagamandala PS,75.5349388616035,12.3870889082204
362.0,Bhalki Rural PS,77.2104150002743,18.0434870002126
366.0,Bhalki Town PS,77.2149860002005,18.0464960002772
284.0,Bharamasagara PS,76.1922999999702,14.3697000003646
103.0,Bharathi Nagar PS,77.6120856003067,12.9912025002823
729.0,Bhatkal Rural PS,74.5385116612427,13.9984983574694
730.0,Bhatkal Town PS,74.5521247779463,13.9899128338417
421.0,Bheemarayanagudi PS,76.8038080001843,16.7206390000315
226.0,Bidadi PS,77.3847750000391,12.800368999628
376.0,Bidar New Town PS,77.5092700004058,17.9235209997318
372.0,Bidar Rural PS,77.4753984856945,17.9347863425413
375.0,Bidar Town PS,77.5307829996043,17.9128260001402
377.0,Bidar Women PS,77.5324059003355,17.9073477998165
536.0,Bijapur Rural PS,75.7386899996538,16.8264999999675
466.0,Bilagi PS,75.6122530000353,16.3493239999889
321.0,Bilichodu PS,76.1603009998662,14.5045829995527
661.0,Biligere PS,76.7456555563285,12.0698916665752
649.0,Bilikere PS,76.4477555556761,12.3359111112243
637.0,Bindiganavile PS,76.6309659996206,12.881194000452
687.0,Birur PS,75.9724069998958,13.5990249995542
156.0,Bommanahalli PS,77.6249800003253,12.9106199997205
404.0,Brahmapur PS,76.8378589999124,17.3384080003502
722.0,Brahmavar PS,74.7441369998107,13.4382470001217
2.0,Bruceept PS,76.926339999684,15.1381910002788
323.0,Byadagi PS,75.4948080001569,14.6801820003097
99.0,Byappanahalli PS,77.6568733672614,12.99146656405
165.0,Byatarayanapura PS,77.5401247181361,12.9513964930184
653.0,Bylakuppe PS,75.9974277780029,12.4271888886405
714.0,Byndoor PS,74.6265130000824,13.8670959995934
543.0,Chadachan PS,75.6683199996572,17.3112060003243
280.0,Challakere PS,76.6485999996673,14.3146999999861
552.0,Chamarajanagar East PS,76.9627490003615,11.9350219996238
553.0,Chamarajanagar Rural PS,76.9298200003305,11.9260970003251
557.0,Chamarajanagar Town PS,76.9366230000653,11.9271530000275
554.0,Chamarajanagar Women PS,76.9629229997826,11.9362010002533
159.0,Chamarajpet PS,77.5670263999736,12.9605426996297
166.0,Chandra Layout PS,77.5283954172681,12.9588991588048
863.0,Chandrashekarpura PS,76.8819304300341,13.1512179863433
307.0,Channagiri PS,75.928854000104,14.0230850000163
146.0,Channammanakere Achu Kattu PS,77.560604590239,12.9301162396181
228.0,Channapatna East PS,77.2168790004333,12.6640080000007
229.0,Channapatna Rural PS,77.2166819996141,12.6636369996537
230.0,Channapatna Town PS,77.200354000457,12.6538640002458
585.0,Channarayapatna Rural PS,76.3900000001754,12.9000000004353
586.0,Channarayapatna Town PS,76.389544999876,12.9033170000014
277.0,Chelur PS,76.906944444205,13.4416666667111
187.0,Chelur PS,78.0968730090421,13.7091713200414
,Chennarayapatana PS,77.7997076304884,13.2897686543849
671.0,Chickmagalur Rural PS,75.7974440002195,13.3260769997201
674.0,Chickmagalur Town PS,75.7754240002408,13.3205419999874
318.0,Chigateri PS,76.0746450002932,14.7922849999844
180.0,Chikkaballapura CEN Crime PS,77.7297249997124,13.4403560004129
177.0,Chikkaballapura Rural PS,77.7296819999364,13.4360050000193
176.0,Chikkaballapura Town PS,77.7238969999589,13.4377180003861
178.0,Chikkaballapura Women PS,77.7238969999589,13.4377180003861
290.0,Chikkajajur PS,76.1397000001606,14.1275000000201
126.0,Chikkajala PS,77.6332139995524,13.1732849997572
231.0,Chikkamagalur Women PS,75.775461542016,13.3206493591515
248.0,Chikkanayakanahalli PS,76.6191166667985,13.4095833334318
485.0,Chikkodi PS,74.5767259995559,16.4240310000308
394.0,Chincholi PS,77.4197730558149,17.4600805559727
359.0,Chintaki PS,77.5467750003733,18.268915000167
878.0,Chinthamani Rural PS,78.05344842821,13.4009020896407
188.0,Chinthamani TownPS,78.0537919099131,13.4011696510521
380.0,Chitaguppa PS,77.2112289995365,17.6922999999829
288.0,Chitradurga Extension PS,76.4132099997115,14.2284400003598
287.0,Chitradurga Kote PS,76.3874000004641,14.217500000258
285.0,Chitradurga Rural PS,76.4038999998647,14.2360000003353
831.0,Chitradurga Town PS,76.4036630002954,14.2240100001111
289.0,Chitradurga Women PS,76.4132099997115,14.2284400003598
291.0,Chitrahalli Gate PS,76.2724089996065,14.0958519999375
743.0,Chittakula PS,74.1330780000296,14.8543229998097
416.0,Chittapura PS,77.0835502003528,17.1194793002674
13.0,Chittavadagi PS,76.3884730002258,15.1259780002526
839.0,Chowka PS,76.8374040001368,17.3379090000034
160.0,City Market PS,77.5761266577661,12.964957672278
104.0,Commercial Street PS,77.6064306996423,12.9820757996245
161.0,Cottonpet PS,77.5700979326779,12.9680170243514
1.0,Cowlbazar PS,76.9029290003413,15.1377060002966
84.0,Cubbon Park PS,77.5979641429556,12.9800298427157
888.0,DK Women PS,75.1980541157694,12.7645569812923
736.0,Dandeli Rural PS,74.6211739995369,15.2575050002759
737.0,Dandeli Town PS,74.6211109997959,15.2574919997879
268.0,Dandinashivara PS,76.711799999877,13.2538000002059
297.0,Davanagere Extention PS,75.9198360004108,14.4648180001195
304.0,Davanagere RMC Yard PS,75.9358709999474,14.4597660003841
309.0,Davanagere Rural PS,75.9206479996524,14.4507960001913
300.0,Davangere Women PS,75.9201730004233,14.4651259995522
45.0,Devadurga PS,76.9287049998064,16.4150025003166
388.0,Devalagangapur PS,76.5430970003937,17.2072069999576
127.0,Devanahalli PS,77.7123860001372,13.2454360002925
548.0,Devara Hipparagi PS,76.0631700000159,16.817805000211
437.0,Devaraja PS,76.6494189999812,12.3128230003215
95.0,Devarajeevanahalli PS,77.6103367001824,13.0093318996255
363.0,Dhannura PS,77.338002999975,17.9584419999459
700.0,Dharmasthala PS,75.384191922713,12.9529425848431
504.0,Dharwad Rural PS,74.9879009494425,15.4718184459285
342.0,Dharwad Sub Urban PS,74.9978580000498,15.4645530001277
343.0,Dharwad Town PS,75.0112029995962,15.4588490003728
507.0,Dharwad Women PS,74.9920058908383,15.471329473365
193.0,Dibburahalli PS,77.8935880873353,13.5673695243896
846.0,Dobbespet PS,77.2422319998178,13.2307609999756
889.0,Doddaballapura Rural PS,77.5379453294057,13.3084134580554
877.0,Doddaballapura Town PS,77.5446304954841,13.3086500744019
804.0,Doddabelavangala PS,77.4228263001837,13.2882285996995
755.0,Doddapete PS,75.56659799993,13.9305049996446
482.0,Doddawad PS,74.9596999995475,15.6790689999975
579.0,Dudda PS,76.2048329998239,13.0862719996496
150.0,Electronic City PS,77.6630639999462,12.8400089995489
414.0,Ferhatabad PS,76.7933388003142,17.1715072995919
46.0,Gabbur PS,77.1609118001156,16.2960855001534
518.0,Gadag Rural PS,75.635170000408,15.4344020000632
520.0,Gadag Town PS,75.6327235381656,15.4297675788183
521.0,Gadag Women PS,75.6327235381656,15.4297675788183
24.0,Gadiganur PS,76.5887689997062,15.2263190003763
525.0,Gajendragad PS,75.967010000407,15.7359199997003
570.0,Gandasi PS,76.3046730001944,13.1557859996249
538.0,Gandhi Chowk PS,75.7150299995963,16.8288199998895
369.0,Gandhi Gunj PS,77.5141620002487,17.9100559995814
303.0,Gandhi Nagar PS,75.9203209997948,14.4763269999813
3.0,Gandhinagar PS,76.9310599996091,15.1453570003326
118.0,Gangammagudi PS,77.5299849997112,13.0721550001859
31.0,Gangavathi Rural PS,76.5297200001054,15.4261110001564
34.0,Gangavathi Town PS,76.5301870003278,15.4258829997704
715.0,Gangolli PS,74.6603749995651,13.6867200001321
505.0,Garag PS,74.9293330000009,15.5701110004214
354.0,Ghantikeri PS,75.1418870001519,15.341193000208
496.0,Ghataprabha PS,74.7657475336946,16.2365737446017
148.0,Girinagar PS,77.5438999998846,12.9360000002911
422.0,Gogi PS,76.7461249996775,16.7330159996719
491.0,Gokak Rural PS,74.8103599997942,16.1626710003463
492.0,Gokak Town PS,74.8209419994804,16.1678099999201
734.0,Gokarna PS,74.3222760003263,14.5396930000536
347.0,Gokul Road PS,75.1143060001498,15.3508060001786
541.0,Golgumbaz PS,75.7387199997101,16.8263799996802
677.0,Gonibeedu PS,75.7080730000623,13.0999209996949
608.0,Gonikoppa PS,75.9230444487975,12.1855877517853
580.0,Goruru PS,76.0616409997433,12.8184319997021
221.0,Gownapalli PS,78.2256250002043,13.5112280003705
182.0,Gowribidanur Rural PS,77.5083690000106,13.6014019995754
181.0,Gowribidanur Town PS,77.5199157620995,13.6082518915949
278.0,Gubbi PS,76.9485350002891,13.3093888890137
506.0,Gudageri PS,75.3628449997187,15.1214899997718
27.0,Gudekota PS,76.62823899992,14.8323320000539
184.0,Gudibande PS,77.7068009999156,13.6705449998318
456.0,Guledagudda PS,75.7741300002249,16.0482199997634
210.0,Gulpet PS,78.1309520001212,13.1456700002333
559.0,Gundlupete PS,76.6847459996543,11.8110330003526
423.0,Gurmitkal PS,77.3894290002896,16.8655020004296
325.0,Guttal PS,75.630240999627,14.8398809998005
784.0,H.A.L. PS,77.6828550001031,12.9550059996707
647.0,H.D. Kote PS,76.3317611107035,12.0901805560091
153.0,H.S.R.Layout PS,77.6513889997284,12.9201510003798
310.0,Hadadi PS,75.8944169997106,14.3699169995911
19.0,Hadagali PS,75.9357679997858,15.0184379998042
17.0,Hagaribommanahalli PS,76.209130999782,15.0535769998729
332.0,Halageri PS,75.605668999609,14.5534670003211
615.0,Halagur PS,77.2283610003245,12.4274999996901
100.0,Halasur PS,77.6253330610102,12.9748128797954
87.0,Halasurgate PS,77.5867767998637,12.9679059997634
319.0,Halavagilu PS,75.7805800000363,14.7102760001283
574.0,Halebeedu PS,75.9937850001458,13.2173030000005
739.0,Haliyal PS,74.7671360001228,15.3294970004142
383.0,Hallikhed PS,77.2644129999467,17.8516670000843
590.0,Hallymysore PS,76.2580410001234,12.6584609997983
337.0,Hanagal PS,75.1247060000977,14.7721040004333
249.0,Handanakere PS,76.4472850003111,13.502821000084
329.0,Hansabhavi PS,75.3687599995934,14.5699749998053
35.0,Hanumasagar PS,76.0476199999866,15.8727720001468
853.0,Hanumathanagar PS,77.5614549998024,12.9362359996876
561.0,Hanur PS,77.3007600002552,12.0883450002992
320.0,Harapanahalli PS,75.9866429998442,14.7891170004191
312.0,Harihara Rural PS,75.812918000103,14.5355449996388
313.0,Harihara Town PS,75.8068689999274,14.5147499995849
679.0,Hariharapura PS,75.2992001700748,13.5195112306431
232.0,Harohalli PS,77.4696739995781,12.6815559997464
477.0,Harugeri PS,74.9494329003037,16.5158556999823
575.0,Hassan City PS,76.1005729998768,13.0030179998449
576.0,Hassan Extention PS,76.1135919995414,13.0069439995986
581.0,Hassan Rural PS,76.1062630001699,13.0109769997524
577.0,Hassan Women PS,76.1076099996677,13.002819999748
7.0,Hatcholli PS,76.9873140001969,15.7909469995702
326.0,Haveri Rural PS,75.3881609995463,14.7839199996476
328.0,Haveri Town PS,75.3965820004141,14.7930349998798
327.0,Haveri Women PS,75.3887480001682,14.7840319996163
794.0,Hebbagodi PS,77.6799321002329,12.8263711001822
124.0,Hebbal PS,77.5896609998677,13.0383900002421
448.0,Hebbal PS,76.6161044153904,12.3532704229885
842.0,HebburuPS,77.0317710000826,13.1509749997908
711.0,Hebri PS,74.9899239999226,13.458648000026
96.0,Hennur PS,77.6457466922352,13.024142138905
90.0,High Grounds PS,77.5927664453475,12.9899573531302
20.0,Hirehadagali PS,75.8313969997665,14.9282249999518
330.0,Hirekerur PS,75.3929320000379,14.4559809996898
723.0,Hiriadka PS,74.8561909434317,13.3492432912263
587.0,Hirisave PS,76.5511509995422,12.9439070001803
293.0,Hiriyur Rural PS,76.6109350001849,13.9593267003771
294.0,Hiriyur Town PS,76.6145000001013,13.9447000004285
360.0,Hokrana PS,77.3288899995648,18.3845760000993
292.0,Holalkere PS,76.1847129998134,14.0412599996055
766.0,Holehonnur PS,75.6856030002738,13.9887709998518
591.0,Holenarasipura Rural PS,76.2474069995406,12.780772999597
592.0,Holenarasipura Town PS,76.2464179997268,12.7832569995883
315.0,Honnali PS,75.6573340002608,14.2341700000317
251.0,Honnavalli PS,76.3882049997656,13.3328300003482
732.0,Honnavara PS,74.4510629998072,14.2818950002046
545.0,Hortti PS,75.7849000003357,17.1179000003296
295.0,Hosadurga PS,76.2822600001276,13.7979500003097
29.0,Hosahalli PS,76.4664640000314,14.6486680000664
845.0,Hosahalli PS,77.4610749998091,13.4392470002062
796.0,Hosakote PS,77.7804413997902,13.070119099763
765.0,Hosamane PS,75.7037940002304,13.8520249998223
780.0,Hosanagara PS,75.0657980001672,13.9158099997433
14.0,Hospet Rural PS,76.3873469999333,15.2748960003868
12.0,Hospet Town PS,76.3884730002556,15.2739760001909
872.0,Hospete extension PS,76.378147810104,15.2613173836515
508.0,Hubballi Rural PS,75.1596939999173,15.3508059998508
348.0,Hubballi SubUrban PS,75.1392599995464,15.3506379996766
355.0,Hubballi Town PS,75.1430040002625,15.3451650000085
884.0,Hubballi-Dharwad Women PS,74.9978657782474,15.4643876456711
493.0,Hukkeri PS,74.6051999999479,16.237519999851
855.0,Hulimavu PS,77.6000710004058,12.8766460003129
250.0,Huliyar PS,76.538450999737,13.5830499995931
266.0,Huliyurdurga PS,77.0346219997046,12.8247299995681
662.0,Hullahalli PS,76.5565750000767,12.0973055558715
379.0,Hulsoor PS,77.0059150002993,18.0199279999518
384.0,Humnabad PS,77.1235000003846,17.772094999952
462.0,Hungunda PS,76.0603622998149,16.0666995998932
424.0,Hunsagi PS,76.5285199997087,16.4563410002557
650.0,Hunusur Rural PS,76.2940972218105,12.3074194444243
651.0,Hunusur Town PS,76.2904972221703,12.3052972219234
48.0,Hutti PS,76.6555622002157,16.1945603996517
60.0,Idapanur PS,77.4621637999182,16.0042257997102
233.0,Ijoor PS,77.2851500001297,12.7297699997983
463.0,Ilakal PS,76.1116999999779,15.9656960002354
829.0,Imangala PS,76.5342669999315,14.095090000349
546.0,Indi PS,75.9542200001002,17.1769099999228
101.0,Indiranagar PS,77.638280000055,12.9829857001463
21.0,Itagi PS,76.0924009996279,14.9527650003999
121.0,J.C. NagarPS,77.5935739997935,13.0055789999663
167.0,Jagajeevanram Nagar PS,77.5550759389811,12.964081607397
322.0,Jagalur PS,76.3374900000845,14.5133499999051
120.0,Jalahalli PS,77.5495399998899,13.0486679996027
542.0,Jalanagar PS,75.7265999997033,16.8068000003312
47.0,Jalhalli PS,76.7834533840468,16.3651088137999
467.0,Jamakhandi Rural PS,75.2804450001517,16.5094629996778
468.0,Jamakhandi Town PS,75.2806300003701,16.5105400002348
373.0,Janwada PS,77.4810010001977,18.0035499998352
571.0,Javagal PS,76.0567989997259,13.3020599997157
449.0,Jayalakshmipuram PS,76.6129925631637,12.3236901559182
136.0,Jayanagar PS,77.5813879997279,12.9285749996732
758.0,Jayanagar PS,75.5757700004611,13.9384369996585
864.0,Jayanagara PS,77.1198497923468,13.3174263965002
137.0,Jayaprakash Nagar PS,77.5876000003785,12.9118000000068
680.0,Jayapura PS,75.3737359999141,13.4033030000002
657.0,Jayapura PS,76.5552666667382,12.2047055562172
102.0,Jeevan Bheemanagar PS,77.6553852996563,12.9676990004541
793.0,Jigani PS,77.6392150996301,12.7824606995826
168.0,Jnanabharathi PS,77.5002666799548,12.9505529290118
774.0,Joga PS,74.8146309997162,14.2094619996891
740.0,Joida PS,74.4898160003991,15.1629819996032
252.0,K.B. Cross PS,76.6400769999736,13.3089089997333
616.0,K.M. Doddi PS,77.035163999984,12.4893079996013
655.0,K.R. Nagar PS,76.3805666671765,12.4355861106706
633.0,K.R. Pet Rural PS,76.4883279999052,12.6593889999904
634.0,K.R. Pet Town PS,76.4882890000802,12.6592419997099
787.0,K.R. Puram PS,77.693286999959,13.0090160001236
642.0,K.R. Sagar PS,76.572416999823,12.4057780002984
298.0,K.T.J Nagar PS,75.9246790004481,14.4540969997243
885.0,Kadaba PS,75.4680383741898,12.7422581894222
744.0,Kadra PS,74.3455279000391,14.9056865004334
788.0,Kadugodi PS,77.7578210000384,12.9954149997581
97.0,Kadugondana Halli PS,77.6274595998832,13.0250519004078
688.0,Kadur PS,76.0117877802284,13.555317508155
473.0,Kagawad PS,74.7167199998821,16.6959899998383
234.0,Kaggalipura PS,77.5100820000121,12.7995459998704
324.0,Kaginele PS,75.3579259998295,14.6914570001779
71.0,Kakati PS,74.5275059997213,15.9298600000182
892.0,Kalaburagi City CENCrime PS,76.8369449553139,17.3273591040282
891.0,Kalaburagi City Women PS,76.8362764857443,17.3264374109789
405.0,Kalaburagi Women PS,76.8367300003187,17.3281260002712
459.0,Kaladagi PS,75.4973190001042,16.206481999764
509.0,Kalaghatagi PS,74.9689389997879,15.1748239995643
682.0,Kalasa PS,75.3589819998389,13.2414499995656
162.0,Kalasipalya PS,77.5773576933696,12.9573704167974
549.0,Kalkeri PS,76.3080699995779,16.671079999701
276.0,Kallambella PS,76.9370479998021,13.6398120002565
172.0,Kamakshipalya PS,77.5320189022735,12.9822236602558
367.0,Kamalanagar PS,77.1776990000195,18.2358999998793
879.0,Kamalapur PS,76.9877231125126,17.5807971223409
16.0,Kamalapur PS,76.478884000259,15.3029210002127
349.0,Kamaripeth PS,75.1367809996668,15.3446010003017
196.0,Kamasamudram PS,78.1959899995622,12.8632300000266
15.0,Kampli PS,76.5991309997471,15.4061029998115
32.0,Kanakagiri PS,76.4237390000924,15.5723569997622
235.0,Kanakapura Rural PS,77.4244669999111,12.5543489999296
236.0,Kanakapura Town PS,77.4226379999284,12.5466869996491
821.0,Kankanady Town PS,74.8726400000404,12.8698300002255
707.0,Kapu PS,74.7482400004314,13.2284669997503
33.0,Karatagi PS,76.6579839996317,15.6005919997517
773.0,Kargal PS,74.8148469996487,14.1900539997174
712.0,Karkala Rural PS,74.9811789996669,13.2227949998185
713.0,Karkala Town PS,74.9811789996669,13.2227949998185
746.0,Karwar Rural PS,74.1289719996781,14.8085980001772
747.0,Karwar Town PS,74.1282251996878,14.8083933997968
356.0,Kasabapeth PS,75.1331909999777,15.3370160000167
499.0,Katkol PS,75.136056000175,15.9854119995746
809.0,Kavoor PS,74.8493489999597,12.9242290000163
426.0,Kembhavi PS,76.5323860003148,16.647738999663
173.0,Kempapura Agrahara PS,77.5615773208425,12.9725125392007
147.0,Kempegowda Nagar PS,77.5631800000979,12.9491600000604
189.0,Kencharlahalli PS,78.0673460001327,13.5223000000191
169.0,Kengeri PS,77.4815711889913,12.9104775156184
626.0,Keragodu PS,76.9170280004013,12.6428610000569
457.0,Kerur PS,75.5476549998461,16.0148040000359
350.0,Keshavapur PS,75.1624750001726,15.360279000391
618.0,Kesthur PS,77.0607779999788,12.6916940003488
488.0,Khadakalat PS,74.470870000113,16.445990000007
74.0,Khadebazar PS,74.5107350003864,15.8623789997161
480.0,Khanapur PS,74.5055582233609,15.6363011796796
364.0,Khataka Chincholi PS,77.2040699999815,17.8966649996622
635.0,Kikkeri PS,76.4229170001883,12.7687169998611
622.0,Kirugavalu PS,76.9451390003695,12.3584720001596
483.0,Kittur PS,74.7880261093551,15.5998461090257
597.0,Kodagu Women PS,75.7404800003983,12.4209299997027
425.0,Kodekal PS,76.4065669999787,16.3539170000801
131.0,Kodigehalli PS,77.5740659996586,13.0621039996126
256.0,Kodigenahalli PS,77.3855400004463,13.7173100002827
237.0,Kodihalli PS,77.494987999852,12.4356590001252
861.0,Kolala PS,77.309849152736,13.3653069798512
206.0,Kolar Rural PS,78.1369209999873,13.1416651001156
211.0,Kolar Town PS,78.1335160003616,13.1315239997491
869.0,Kolar Women PS,78.1335376050286,13.1328199952886
530.0,Kolhar PS,75.6862534277492,16.4869407384441
562.0,Kollegala Rural PS,77.1125919999562,12.1579919998403
563.0,Kollegala Town PS,77.1094150001112,12.1574049997747
716.0,Kollur PS,74.8135260002853,13.8633549996085
822.0,Konaje PS,74.9154199996671,12.8094969995511
140.0,Konanakunte PS,77.56640799997,12.8839319997207
584.0,Konanur PS,76.0545599996873,12.6290279996277
681.0,Koppa PS,75.3637680001523,13.5511210001179
619.0,Koppa PS,76.9572330004139,12.7076889998692
40.0,Koppal Rural PS,76.1504849998026,15.348638999923
42.0,Koppal Town PS,76.1507120001416,15.3488340004166
880.0,Koppal Women PS,76.1509590040027,15.3485979843193
865.0,Kora PS,77.0615165780437,13.4375669966888
154.0,Koramangala PS,77.6213416671002,12.9412138887662
259.0,Koratagere PS,77.2413650999194,13.5270469997859
724.0,Kota PS,74.7039730000519,13.5282609996582
757.0,Kote PS,75.582763999689,13.9303599998032
129.0,Kothanur PS,77.6464059600349,13.0555134900539
28.0,Kottur PS,76.2269109997217,14.8287199999405
663.0,Kowlande PS,76.7987944436249,12.0328249996388
62.0,Kowthal PS,76.8144297999196,16.0872856002399
443.0,Krishnaraja PS,76.6502959366214,12.2979102314074
476.0,Kudachi PS,74.8545299996688,16.6244499999013
555.0,Kuderu PS,76.9392100000856,12.0457089996651
26.0,Kudligi PS,76.3896460001752,14.9070309997856
238.0,Kudur PS,77.1652650001427,13.1070760002698
683.0,Kuduremukh PS,75.2524469997459,13.2139549999748
11.0,Kuduthini PS,76.7624249995869,15.209600000279
43.0,Kuknoor PS,75.9915140000343,15.4926200001522
497.0,Kulgod PS,75.0464030000223,16.2446380001785
333.0,Kumarapattanam PS,75.7863780001973,14.5209059996503
141.0,Kumaraswamy Layout PS,77.5632979997497,12.9053291296562
239.0,Kumbalagudu PS,77.4441459996032,12.8751639997321
767.0,Kumsi PS,75.3912050004169,14.0609200004199
735.0,Kumta PS,74.4201783004088,14.4293099997957
395.0,Kunchavaram PS,77.6281780001458,17.4853999998385
510.0,Kundagol PS,75.2401110000923,15.2597499999868
719.0,Kundapura PS,74.6895069997589,13.636995999572
720.0,Kundapura Rural PS,74.7724929995498,13.6376749999857
398.0,Kurakunta PS,77.3572381026542,17.191918944577
10.0,Kurugodu PS,76.8353150001382,15.3442250003186
603.0,Kushalanagar Rural PS,75.9565649999831,12.4845269998253
604.0,Kushalnagar Town PS,75.9622959999472,12.4602770000849
368.0,Kushnoor PS,77.3285549999694,18.1549650003881
36.0,Kushtagi PS,76.1935009996338,15.7548799996807
610.0,Kutta PS,76.0518829998754,11.9688490002946
444.0,Kuvempunagar PS,76.627722000175,12.2860780003566
269.0,Kyathasadra PS,77.1486830002103,13.3082620001205
693.0,Lakkavalli PS,75.6534188935602,13.7014104337312
826.0,Lakshmeshwar PS,75.4735646873454,15.1202848551357
438.0,Lashkar PS,76.6567916603507,12.3144027908781
445.0,Laxmipuram PS,76.6428379996766,12.2977360003455
694.0,Lingadahalli PS,75.8400519997675,13.6041459999855
49.0,Lingasugur PS,76.5224648999924,16.1583934999438
470.0,Lokapur PS,75.3671666668059,16.1628055563863
240.0,M.K. Doddi PS,77.1183139998371,12.5960290001818
564.0,M.M. Hills PS,77.5914000000772,12.030713999633
838.0,MB Nagar PS,76.8674950000699,17.3269999998699
391.0,Madanahipparga PS,76.3738300000426,17.4572500004267
419.0,Madbool PS,77.0037409996222,17.2855989998415
620.0,Maddur PS,77.0413810003754,12.5877859997341
848.0,Madhanayakanahally PS,77.4623099998741,13.0622470002623
257.0,Madhugiri PS,77.2090279998617,13.6624799996144
599.0,Madikeri Rural PS,75.7255048998641,12.4296567000529
601.0,Madikeri Town PS,75.7404800003983,12.4209299997027
155.0,Madiwala PS,77.620667999617,12.9209999998742
241.0,Magadi PS,77.226469000388,12.955223999849
174.0,Magadi Road PS,77.5501698999891,12.9755660999865
789.0,Mahadevapura PS,77.6928279998912,12.9966939998372
410.0,Mahagoan PS,76.9414999997523,17.5191666671176
471.0,Mahalingapur PS,75.1085099997695,16.402139999676
79.0,Malamaruthi PS,74.5288709365525,15.8818603611202
623.0,Malavalli Rural PS,77.0602780001994,12.3836419995713
624.0,Malavalli Town PS,77.0604439997954,12.3835279995756
314.0,Malebennur PS,75.7385599999078,14.3517080004335
399.0,Malkhed PS,77.1610946198291,17.1951928087024
672.0,Mallanduru PS,75.6590242917493,13.3664724950951
745.0,Mallapura PS,74.3321005003005,14.900378799733
107.0,Malleshwarm PS,77.569587000137,12.9966449997394
726.0,Malpe PS,74.7033830001599,13.3606109997091
860.0,Malur PS,75.3397154522091,13.7289753620207
858.0,Malur PS,77.9378744423732,13.0040625565255
566.0,Mambali PS,77.0740040000731,12.1184679998276
531.0,Managoli PS,75.8168800003536,16.6486500003095
183.0,Manchenahalli PS,77.6022840000874,13.5004040004308
450.0,Mandi PS,76.6541940000986,12.3163369997298
629.0,Mandya Central PS,76.8851440004404,12.5230370001354
630.0,Mandya East PS,76.9007719999159,12.5284580000163
627.0,Mandya Rural PS,76.8844669996257,12.5194780001939
631.0,Mandya West PS,76.8907220000759,12.526693999669
632.0,Mandya Women PS,76.9007719999159,12.5284580000163
370.0,Mangalapet Market PS,77.5314430000144,17.9070770003708
816.0,Mangaluru East PS,74.8526099996943,12.8903029995572
814.0,Mangaluru North PS,74.8335019997197,12.8642720003151
820.0,Mangaluru Rural PS,74.8776419998545,12.88219929994
819.0,Mangaluru South PS,74.8399299998815,12.8549829999593
818.0,Mangaluru Women PS,74.8382127998191,12.8568916003367
725.0,Manipal PS,74.7860859999478,13.3491519997911
733.0,Manki PS,74.4864420001738,14.1862219997564
382.0,Manna Ekhelli PS,77.3683280003791,17.7271920002443
374.0,Mannalli PS,77.5049270001595,17.7612519995547
385.0,Manthala PS,76.8496290004665,17.8166779996662
63.0,Manvi PS,77.0479908002105,15.9938995995581
785.0,Marathahalli PS,77.6980390002911,12.9456189996246
72.0,Marihal PS,74.6641959999116,15.881446000451
198.0,Marikuppam PS,78.2659099999984,12.9271200003037
58.0,Market Yard PS,77.3606764001082,16.2161506997865
25.0,Marriyammanahalli PS,76.3513530002323,15.1520610002332
50.0,Maski PS,76.6540675001917,15.9537920995979
214.0,Masti PS,77.9979739998673,12.8730519997924
311.0,Mayakonda PS,76.0805829997114,14.282960000102
258.0,Medigeshi PS,77.20529848099,13.8326204889191
365.0,Mehakar PS,77.0188169995521,18.1011150004082
643.0,Melukote PS,76.6480829996999,12.6617360000175
451.0,Metagalli PS,76.6303839996796,12.3471340004536
856.0,Mico Layout PS,77.610659000147,12.9086119998238
396.0,Miryan PS,77.4956489996095,17.364376000427
4.0,Moka PS,77.0592210003737,15.2415620004472
830.0,Molakalmuru PS,76.7457030000174,14.7180229999007
813.0,Moodabidre PS,74.9999340001929,13.0664510000359
498.0,Mudalgi PS,74.9641909998838,16.3374370001193
386.0,Mudbi PS,76.9386879998236,17.7304279997017
533.0,Muddebihal PS,76.1287700003332,16.3490999999067
51.0,Mudgal PS,76.4419758997177,16.0122467995676
397.0,Mudhol PS,77.4500333328794,16.9066999998364
472.0,Mudhol PS,75.2849799999859,16.3299099999239
678.0,Mudigere PS,75.6417939997681,13.133920000105
519.0,Mulagund PS,75.5181200000679,15.2822060001572
216.0,Mulbagal Rural PS,78.425844000444,13.0583230000817
218.0,Mulbagal Town PS,78.3930339995701,13.1683960003551
812.0,Mulki PS,74.7892839997271,13.0942629999292
523.0,Mundargi PS,75.8838055556117,15.2110000000128
749.0,Mundgod PS,75.0384309996159,14.9697090000839
41.0,Munirabad PS,76.3218519999859,15.2795749997392
501.0,Murgod PS,74.9269049995994,15.8866790002661
731.0,Murudeshwar PS,74.4885348002787,14.0952149997076
658.0,Mysore South PS,76.6643888891635,12.3128250001524
669.0,Mysuru Women PS,76.6646749996175,12.3126777783268
685.0,N.R. Pura PS,75.5041660003897,13.6148710002436
638.0,Nagamangala Rural  PS,76.7588530000804,12.8308810001486
639.0,Nagamangala Town PS,76.7563030003642,12.8198189999741
776.0,Nagara PS,75.029620999564,13.8183299998455
481.0,Nandagad PS,74.5763650000587,15.5799300004464
800.0,Nandagudi PS,77.9009028996525,13.2033729004414
179.0,Nandi Girighama PS,77.7251440242926,13.3781418841915
113.0,Nandini Layout PS,77.5367059999833,13.0123670002594
219.0,Nangli PS,78.5371799999405,13.194227999904
664.0,Nanjanagudu Rural PS,76.6741499995896,12.1145611113237
665.0,Nanjanagudu Town PS,76.6861472222113,12.1181222219017
600.0,Napoklu PS,75.6893609995645,12.3102080002056
524.0,Naragund PS,75.3883261174758,15.7212902142725
452.0,Narasimharaja PS,76.6640019996344,12.3348370001307
427.0,Narayanpur PS,76.3686909995406,16.2556789997452
526.0,Naregal PS,75.8055689290355,15.5702531290992
392.0,Narona PS,76.7173033003236,17.5139527000544
513.0,Navalgund PS,75.3583599997987,15.5569720004049
460.0,Navanagara PS,75.661539999842,16.1590699995552
866.0,Nayakanahatti PS,76.5455972595296,14.4681222415151
439.0,Nazarbad PS,76.6673269999795,12.3082760001403
807.0,Nelamangala Rural PS,77.3883867004328,13.0870741001406
806.0,Nelamangala Town PS,77.3883896998318,13.0870719002239
412.0,Nelogi PS,76.6083583329395,17.0584611109419
479.0,Nesargi PS,74.7773165105562,15.9056305303844
52.0,Netajinagar PS,77.3697941996058,16.2005672001816
752.0,New Market PS,74.8412389998704,14.6210509997589
532.0,Nidagundi PS,75.927640000163,16.3641799997462
393.0,Nimbarga PS,76.5853072002066,17.3871323997533
489.0,Nippani Rural PS,74.3838400000383,16.3942599998908
490.0,Nippani Town PS,74.3838400000383,16.3942599998908
253.0,Nonavinakere PS,76.555435600315,13.1655345000612
588.0,Nuggehalli PS,76.4765299996529,13.0086170002442
316.0,Nyamathi PS,75.5628510002063,14.1477459996429
357.0,Old Hubli PS,75.1269729996517,15.3367220003203
200.0,Oorgaum PS,78.2646500000931,12.9524700000947
5.0,P.D. Halli PS,77.0521400001877,15.1431280002221
708.0,Padubidri PS,74.7701429996373,13.1408309998147
808.0,Panambur PS,74.8168989996135,12.9525550002621
689.0,Panchanahalli PS,76.3329329998881,13.5470429996333
640.0,Pandavapura PS,76.6735810001632,12.5030060002854
762.0,Paper Town PS,75.7020419995586,13.8210649999034
151.0,Parappana Agrahara PS,77.6673555559925,12.8773138893884
281.0,Parasurampura PS,76.883600000337,14.2551999995606
274.0,Patanayakanahalli PS,76.9212900004214,13.8876099997928
186.0,Patapalya PS,77.9489380002016,13.7562250001231
263.0,Pavagada PS,77.2837199995753,14.1008379999369
116.0,Peenya PS,77.5211640244163,13.0360401362993
578.0,Pension Mohalla PS,76.0954520004157,13.0089080003961
654.0,Periyapatna PS,76.0886222220962,12.3374694440035
609.0,Ponnampet PS,75.9419032913727,12.1473782361423
105.0,Pulakeshinagar PS,77.6196531704426,12.9992725573424
701.0,Punjalkatte PS,75.1680902435035,12.9505758882037
142.0,Puttenahalli PS,77.5819750000366,12.9024027782159
703.0,Puttur Rural PS,75.2206207288605,12.7299336542509
886.0,Puttur Town PS,75.2001889323347,12.7621093917564
122.0,R.T. Nagar PS,77.5931990004551,13.0247279997493
115.0,"RMC Yard PS, Yeshwanthpura",77.5499230793907,13.023521263115
406.0,Ragavendra nagar PS,76.8180720002851,17.3372689999503
475.0,Raibag PS,74.7702269650968,16.4923112815444
55.0,Raichur Rural PS,77.3552738002094,16.219874700226
59.0,Raichur West PS,77.3428321998381,16.1951229000377
54.0,Raichur Women PS,77.356027800299,16.2026200999877
110.0,Rajajinagar PS,77.5542170001696,12.9946259998528
805.0,Rajanukunte PS,77.5624243997917,13.1739705001471
170.0,Rajarajeshwari Nagar PS,77.5206330486244,12.9128403426384
111.0,Rajgopal Nagar PS,77.5135710004188,13.017349999738
500.0,Ramadurga PS,75.2948579999534,15.9493149998041
98.0,Ramamurthy Nagar PS,77.6676147006279,13.0121958894059
243.0,Ramanagara Rural PS,77.2854290001578,12.7297119995962
244.0,Ramanagara Town PS,77.2802889998055,12.718978000031
245.0,Ramanagara Women PS,77.2851269495464,12.7297692562778
565.0,Ramapura PS,77.3978629998976,12.0037180003747
741.0,Ramnagar PS,74.488624811945,15.4238626449358
283.0,Rampura PS,76.7842000004404,14.8848000002066
334.0,Ranebennur Rural PS,75.6250450001331,14.6204809997602
335.0,Ranebennur Town PS,75.6355539998471,14.6215349998273
401.0,Ratkal PS,77.1067999999647,17.451700000228
331.0,Rattihalli PS,75.5076609999086,14.4271229997471
222.0,Rayalpad PS,78.3451929996066,13.5310470000497
389.0,Revoor PS,76.4648649997774,17.3220370004382
779.0,Rippanpete PS,75.2597910002094,13.9932010003917
202.0,Robertsonpet PS,78.2715499997401,12.9575599999641
527.0,Ron PS,75.735676376687,15.6921271180652
408.0,Roza PS,76.8518299998414,17.3459640000262
851.0,S.J. Park PS,77.5831449995862,12.9609289995745
486.0,Sadalaga PS,74.5324049998673,16.5497400000191
53.0,Sadar Bazar PS,77.356027800299,16.2026200999877
91.0,Sadashivanagar PS,77.5725447841245,13.0149094111584
777.0,Sagara Rural PS,75.0320689999283,14.1676749995936
775.0,Sagara Town PS,75.0231890002776,14.1677760000143
428.0,Saidapur PS,77.2522740000659,16.5748039999117
594.0,Sakaleshpura Rural PS,75.7871130002743,12.9462899999688
595.0,Sakaleshpura Town PS,75.7879910000822,12.945902000403
690.0,Sakkaraya Patna PS,75.9174889999256,13.43594899995
656.0,Saligrama PS,76.263647222112,12.5621222223597
88.0,Sampangiramanagar PS,77.5921599999535,12.9630649998591
130.0,Sampigehalli PS,77.6333430004523,13.0753290001411
22.0,Sandur PS,76.5437170004188,15.0834649996859
123.0,Sanjay Nagara PS,77.5757999996612,13.0333540002619
494.0,Sankeshwar PS,74.4877748480344,16.2546724238285
556.0,Santemaralli PS,76.9779480002166,12.0434799997649
308.0,Santhebennur PS,76.0068530003997,14.1731752998334
648.0,Saragur PS,76.3953694440388,12.0029999997257
446.0,Saraswathipuram PS,76.6239630001804,12.3017490003132
795.0,Sarjapura PS,77.7812827002306,12.8607281002345
246.0,Sathanuru PS,77.3207669998468,12.4524269996001
469.0,Savalgi PS,75.3465899995999,16.6725900002822
338.0,Savanoor PS,75.337762000326,14.9774270003781
400.0,Sedam PS,77.285180000018,17.1798499998816
92.0,Seshadripuram PS,77.5735902002227,12.9879292996002
420.0,Shahabad Town PS,76.934600000352,17.1304400002252
429.0,Shahapur PS,76.8417829999687,16.6994799996544
81.0,Shahapura PS,74.5180130001751,15.8380890003073
56.0,Shakti Nagar PS,77.3533134002243,16.370844899622
606.0,Shanivarasanthe PS,75.8896999998976,12.7266999999098
721.0,Shankaranarayana PS,74.8624549995882,13.6045059998908
361.0,Shanthapur PS,77.4363539998982,18.1602799999964
582.0,Shanthigrama PS,76.2177209997494,12.9851579997913
192.0,Shidlagatta Rural PS,77.8637580000442,13.3971290001356
191.0,Shidlagatta Town PS,77.8638899998766,13.3936950001703
340.0,Shiggaon PS,75.2264729998747,14.9893919999285
768.0,Shikaripura Rural PS,75.3488620001581,14.2733759998883
769.0,Shikaripura Town PS,75.3606960004107,14.2603160004474
759.0,Shimogga Rural PS,75.5643560002636,13.9325780002476
522.0,Shirahatti PS,75.5831111113781,15.2372777778357
770.0,Shiralakoppa PS,75.249846999886,14.381316999614
709.0,Shirva PS,74.832211999612,13.2111169997885
106.0,Shivajinagar PS,77.6052475001124,12.9855097999292
628.0,Shivalli PS,76.82389700023,12.5857060003029
760.0,Shivamogga Women PS,75.5645280003879,13.9323990000847
430.0,Shorapur PS,76.7594650000373,16.5258959998599
589.0,Shravanabelagola PS,76.4838759998275,12.8597839999403
750.0,Siddapura PS,74.8937417509806,14.3451316895803
138.0,Siddapura PS,77.5941780002841,12.9396290002763
602.0,Siddapura PS,75.8756274411448,12.2981012015236
550.0,Sindagi PS,76.2316169996446,16.9218240000456
66.0,Sindanur Rural PS,76.7695212001342,15.7866682997685
67.0,Sindhanur Town PS,76.7561612004575,15.7681762000945
691.0,Singatagere PS,76.1747570001965,13.5517830001316
279.0,Sira PS,76.9033333326313,13.7441666671294
9.0,Sirigeri PS,76.8388910003465,15.4412980001563
753.0,Sirsi Rural PS,74.8377429997599,14.6255219999821
754.0,Sirsi Town PS,74.8252575379737,14.62419731329
6.0,Siruguppa PS,76.8997300001426,15.6383359999
64.0,Sirwar PS,77.0159706997364,16.175903599613
119.0,Soladevanahalli PS,77.489040000408,13.0934310001467
607.0,Somwarpet PS,75.8090270002041,12.5132190001061
772.0,Soraba PS,75.0994299999271,14.3810810003052
502.0,Soundatti PS,75.1080159996343,15.763274000294
836.0,Srimangala PS,75.9898819125936,12.0187571021511
686.0,Sringeri PS,75.2530619998582,13.4188599996039
223.0,Srinivasapura PS,78.2126809999763,13.3412210002109
108.0,Srirampura PS,77.5650049998011,12.9899929995949
296.0,Srirampura PS,76.4205000000863,13.6191000004381
644.0,Srirangapatna PS,76.6830810004348,12.4239850002271
645.0,Srirangapatna Rural PS,76.6913580002078,12.4145859999968
407.0,Station Bazar PS,76.8258684998396,17.3168455002079
409.0,Sub Urban PS,76.840316667452,17.3519000003488
109.0,Subramanya Nagar PS,77.5536799999682,13.0033419996475
887.0,Subramanya PS,75.6127789975958,12.6676029537295
143.0,Subramanyapura PS,77.5443170617634,12.901203319357
402.0,Sulepet PS,77.3403333331155,17.4026666674397
801.0,Sulibele PS,77.7887017004602,13.1844353001785
706.0,Sullia PS,75.3928840000462,12.5564220000149
605.0,Sunticoppa PS,75.8288999998116,12.4524999999285
811.0,Surathkal PS,74.8011130002436,12.9881750003396
849.0,Suryanagar PS,77.7049370001704,12.7928960000553
667.0,T. Narasipura PS,76.8983166671656,12.208266667416
873.0,T.B. Dam PS,76.3410900196889,15.2634830508049
18.0,TB Halli PS,76.1506500003324,15.1647319998623
341.0,Tadas PS,75.1241989997586,15.1246640001089
668.0,Talakadu PS,77.0295277776976,12.1897277777648
534.0,Talikot PS,76.3105600000852,16.4798100002562
695.0,Tarikere Town PS,75.4828499998096,13.4244709997979
37.0,Tavaregera PS,76.4043049999318,15.7700490003593
275.0,Tavarekere PS,76.8039480001678,13.7964590002689
247.0,Tavarekere PS,77.4007709999584,12.9662440004315
8.0,Tekkalkota PS,76.8809819995407,15.5376800002708
465.0,Teradal PS,75.0563049998242,16.4954680004363
560.0,Terakanambi PS,76.7926329998518,11.8181490003167
144.0,Thalaghattapura PS,77.5362860003164,12.8690240001717
282.0,Thalak PS,76.6735000000248,14.4481999997834
273.0,Thilak Park PS,77.0904960003251,13.3422609995482
75.0,Thilakwadi PS,74.5015349995826,15.8359440002916
781.0,Thirthahalli PS,75.2461389997448,13.6982170001031
799.0,Thirumalashettahalli PS,77.7801432000071,12.9887798996233
261.0,Thirumani PS,77.4404805405636,14.2410352493768
23.0,Thoranagal PS,76.6720560505915,15.1927131250549
847.0,Thyamagondlu PS,77.3005339996233,13.2160730002358
537.0,Tikota PS,75.5179299999643,16.8444980002682
158.0,Tilak Nagar PS,77.5905730004444,12.9283629998263
254.0,Tiptur Rural PS,76.46446055803,13.2610541549328
255.0,Tiptur Town PS,76.460899000126,13.2612110002443
271.0,Tumakur Rural PS,77.1059380002592,13.3422429999316
270.0,Tumakur Town PS,77.1034480004008,13.3449009996581
867.0,Tumkur Women PS,77.1054696603324,13.3481368136203
756.0,Tunganagara PS,75.5544790004202,13.9237559999042
286.0,Turuvanur (Jogi) PS,76.4385542413628,14.403752185026
267.0,Turuvkere PS,76.6686000000028,13.1639000002822
68.0,Turvihal PS,76.5965000004169,15.7587392999127
748.0,UK CEN CrimePS,74.1270229996152,14.8083459997684
844.0,UK Women PS,74.1287643155449,14.8081974519154
440.0,Udayagiri PS,76.6809440001246,12.3267900003402
727.0,Udupi Town PS,74.7481680002445,13.3306670002013
728.0,Udupi Women PS,74.7481680002445,13.3306670002013
76.0,Udyambag PS,74.4914090001479,15.8206879996397
823.0,Ullal PS,74.8415710000816,12.8195060004003
415.0,University PS,76.8765780003229,17.3098989996219
163.0,Upparpet PS,77.5748211347527,12.9744759561439
704.0,Uppinangadi PS,75.2482300003386,12.8394549998839
817.0,Urva PS,74.828781000387,12.8992229999857
145.0,V.V. Puram PS,77.5722658495622,12.9596195803045
453.0,V.V. Puram PS,76.6328360000982,12.3261190002503
786.0,Varthur PS,77.7469200001009,12.9380340003015
659.0,Varuna PS,76.8089027780329,12.2540861106456
208.0,Vemagal PS,78.0171330002751,13.1919040000472
702.0,VenoorPS,75.1391849997653,13.012608000149
761.0,Vibanagara PS,75.560111000249,13.950526999747
85.0,Vidhana Soudha PS,77.5886142885905,12.9773209692159
344.0,Vidyagiri PS,75.0113909995813,15.4390219996846
299.0,Vidyanagar PS,75.9160730001771,14.4346749996828
351.0,Vidyanagar PS,75.126308999681,15.3636109998313
857.0,Vidyaranyapura PS,77.5643861813388,13.0839867258753
447.0,Vidyaranyarpuram PS,76.6446324746981,12.2632986768268
454.0,Vijayanagar PS,76.6016359995834,12.3368890004213
175.0,Vijayanagar PS,77.538467437727,12.9723502644423
540.0,Vijayapura APMC PS,75.7216500001421,16.8355999996793
803.0,Vijayapura PS,77.800527800269,13.2942836995663
612.0,Virajpet Rural PS,75.801103000425,12.1930489996655
611.0,Virajpet Town PS,75.8010220002111,12.1928730003179
802.0,Vishwanathapura PS,77.6227640002983,13.2790430000011
698.0,Vitla PS,75.1016099998576,12.763360000292
86.0,Viveknagar PS,77.6222989999259,12.951547000394
93.0,Vyalikaval PS,77.5786416004447,13.0014925000938
431.0,Wadagera PS,77.1005489996263,16.5930719996412
417.0,Wadi PS,76.9918611109854,17.0575416670462
790.0,Whitefield PS,77.7510760001927,12.9753560004434
89.0,Wilsongarden PS,77.5961980000424,12.9500430001231
441.0,Women PS Mysuru City,76.6568210000169,12.3014316000704
260.0,Y. N. Hosakote PS,77.1739219999071,14.2793770003388
881.0,Yadgir CEN Crime PS,77.1160595497585,16.7732241213106
433.0,Yadgir Rural PS,77.1323480002489,16.7627640003998
432.0,Yadgir Town PS,77.1378460000837,16.7716039996392
434.0,Yadgir Women PS,77.1323480002489,16.7627640003998
883.0,Yagati PS,76.1482294667381,13.6127814142827
495.0,Yamakanmardi PS,74.5160825813542,16.1287042171331
57.0,Yapaladinni PS,77.5251081003069,16.2962598997579
413.0,Yedrami PS,76.5317876998124,16.8552912999066
132.0,Yelahanka New Town PS,77.5838171135637,13.0999964496935
133.0,Yelahanka PS,77.594093907309,13.0948982140093
567.0,Yelandur PS,77.0314530002178,12.0531669997504
660.0,Yelawala PS,76.5413583333045,12.3593888886838
44.0,Yelburga PS,76.0122100001865,15.613321000093
890.0,YellapuraPS,74.7120525119919,14.9652695811726
61.0,Yeregera PS,77.4142756004306,16.073025500058
114.0,Yeshwanthapura PS,77.5580990000111,13.018195000432
596.0,Yeslur PS,75.8586640002783,12.7810399998105
544.0,Zalaki PS,75.8012740004346,17.2514870003377
264.0,kunigal PS,77.0191666667406,13.0210000002689
